{
  "type": "FeatureCollection",
  "name": "buildings_conceptual",
  "features": [
    {
      "type": "Feature",
      "id": "BLDG-001",
      "properties": {
        "id": "BLDG-001",
        "layer": "BUILDING_FOOTPRINT",
        "source_type": "agent_generated_design",
        "confidence": "low",
        "geometry_role": "design_proposal",
        "building_type": "existing_retained",
        "action": "retain",
        "name_zh": "概念建筑基底",
        "usage_note": "概念性建筑基底，仅用于展示空间关系；不代表现状、权属或拆改结论。"
      },
      "geometry": {
        "type": "Polygon",
        "coordinates": [
          [
            [
              116.341,
              39.95147277777778
            ],
            [
              116.341,
              39.95083277777778
            ],
            [
              116.34037131172839,
              39.95083277777778
            ],
            [
              116.3403535339506,
              39.95147277777778
            ],
            [
              116.341,
              39.95147277777778
            ]
          ]
        ]
      }
    },
    {
      "type": "Feature",
      "id": "BLDG-002",
      "properties": {
        "id": "BLDG-002",
        "layer": "BUILDING_FOOTPRINT",
        "source_type": "agent_generated_design",
        "confidence": "low",
        "geometry_role": "design_proposal",
        "building_type": "existing_retained",
        "action": "retain",
        "name_zh": "概念建筑基底",
        "usage_note": "概念性建筑基底，仅用于展示空间关系；不代表现状、权属或拆改结论。"
      },
      "geometry": {
        "type": "Polygon",
        "coordinates": [
          [
            [
              116.341,
              39.951592777777776
            ],
            [
              116.341,
              39.95071277777778
            ],
            [
              116.34037464506171,
              39.95071277777778
            ],
            [
              116.34035020061728,
              39.951592777777776
            ],
            [
              116.341,
              39.951592777777776
            ]
          ]
        ]
      }
    },
    {
      "type": "Feature",
      "id": "BLDG-003",
      "properties": {
        "id": "BLDG-003",
        "layer": "BUILDING_FOOTPRINT",
        "source_type": "agent_generated_design",
        "confidence": "low",
        "geometry_role": "design_proposal",
        "building_type": "existing_retained",
        "action": "retain",
        "name_zh": "概念建筑基底",
        "usage_note": "概念性建筑基底，仅用于展示空间关系；不代表现状、权属或拆改结论。"
      },
      "geometry": {
        "type": "Polygon",
        "coordinates": [
          [
            [
              116.3425,
              39.95083277777778
            ],
            [
              116.3425,
              39.95147277777778
            ],
            [
              116.3434,
              39.95147277777778
            ],
            [
              116.3434,
              39.95083277777778
            ],
            [
              116.3425,
              39.95083277777778
            ]
          ]
        ]
      }
    },
    {
      "type": "Feature",
      "id": "BLDG-004",
      "properties": {
        "id": "BLDG-004",
        "layer": "BUILDING_FOOTPRINT",
        "source_type": "agent_generated_design",
        "confidence": "low",
        "geometry_role": "design_proposal",
        "building_type": "existing_retained",
        "action": "retain",
        "name_zh": "概念建筑基底",
        "usage_note": "概念性建筑基底，仅用于展示空间关系；不代表现状、权属或拆改结论。"
      },
      "geometry": {
        "type": "Polygon",
        "coordinates": [
          [
            [
              116.34235,
              39.95071277777778
            ],
            [
              116.34235,
              39.951592777777776
            ],
            [
              116.34355000000001,
              39.951592777777776
            ],
            [
              116.34355000000001,
              39.95071277777778
            ],
            [
              116.34235,
              39.95071277777778
            ]
          ]
        ]
      }
    },
    {
      "type": "Feature",
      "id": "BLDG-005",
      "properties": {
        "id": "BLDG-005",
        "layer": "BUILDING_FOOTPRINT",
        "source_type": "agent_generated_design",
        "confidence": "low",
        "geometry_role": "design_proposal",
        "building_type": "existing_retained",
        "action": "retain",
        "name_zh": "概念建筑基底",
        "usage_note": "概念性建筑基底，仅用于展示空间关系；不代表现状、权属或拆改结论。"
      },
      "geometry": {
        "type": "Polygon",
        "coordinates": [
          [
            [
              116.34119999999999,
              39.96541611111111
            ],
            [
              116.34119999999999,
              39.966056111111115
            ],
            [
              116.34209999999999,
              39.966056111111115
            ],
            [
              116.34209999999999,
              39.96541611111111
            ],
            [
              116.34119999999999,
              39.96541611111111
            ]
          ]
        ]
      }
    },
    {
      "type": "Feature",
      "id": "BLDG-006",
      "properties": {
        "id": "BLDG-006",
        "layer": "BUILDING_FOOTPRINT",
        "source_type": "agent_generated_design",
        "confidence": "low",
        "geometry_role": "design_proposal",
        "building_type": "existing_retained",
        "action": "retain",
        "name_zh": "概念建筑基底",
        "usage_note": "概念性建筑基底，仅用于展示空间关系；不代表现状、权属或拆改结论。"
      },
      "geometry": {
        "type": "Polygon",
        "coordinates": [
          [
            [
              116.34104999999998,
              39.965296111111115
            ],
            [
              116.34104999999998,
              39.96617611111111
            ],
            [
              116.34224999999999,
              39.96617611111111
            ],
            [
              116.34224999999999,
              39.965296111111115
            ],
            [
              116.34104999999998,
              39.965296111111115
            ]
          ]
        ]
      }
    },
    {
      "type": "Feature",
      "id": "BLDG-007",
      "properties": {
        "id": "BLDG-007",
        "layer": "BUILDING_FOOTPRINT",
        "source_type": "agent_generated_design",
        "confidence": "low",
        "geometry_role": "design_proposal",
        "building_type": "existing_retained",
        "action": "retain",
        "name_zh": "概念建筑基底",
        "usage_note": "概念性建筑基底，仅用于展示空间关系；不代表现状、权属或拆改结论。"
      },
      "geometry": {
        "type": "Polygon",
        "coordinates": [
          [
            [
              116.34007159498208,
              39.979999444444445
            ],
            [
              116.34007159498208,
              39.98063944444445
            ],
            [
              116.34097159498208,
              39.98063944444445
            ],
            [
              116.34097159498208,
              39.979999444444445
            ],
            [
              116.34007159498208,
              39.979999444444445
            ]
          ]
        ]
      }
    },
    {
      "type": "Feature",
      "id": "BLDG-008",
      "properties": {
        "id": "BLDG-008",
        "layer": "BUILDING_FOOTPRINT",
        "source_type": "agent_generated_design",
        "confidence": "low",
        "geometry_role": "design_proposal",
        "building_type": "existing_retained",
        "action": "retain",
        "name_zh": "概念建筑基底",
        "usage_note": "概念性建筑基底，仅用于展示空间关系；不代表现状、权属或拆改结论。"
      },
      "geometry": {
        "type": "Polygon",
        "coordinates": [
          [
            [
              116.341,
              39.980759444444445
            ],
            [
              116.341,
              39.97987944444445
            ],
            [
              116.34001480286739,
              39.97987944444445
            ],
            [
              116.34007157706093,
              39.980759444444445
            ],
            [
              116.341,
              39.980759444444445
            ]
          ]
        ]
      }
    },
    {
      "type": "Feature",
      "id": "BLDG-009",
      "properties": {
        "id": "BLDG-009",
        "layer": "BUILDING_FOOTPRINT",
        "source_type": "agent_generated_design",
        "confidence": "low",
        "geometry_role": "design_proposal",
        "building_type": "existing_retained",
        "action": "retain",
        "name_zh": "概念建筑基底",
        "usage_note": "概念性建筑基底，仅用于展示空间关系；不代表现状、权属或拆改结论。"
      },
      "geometry": {
        "type": "Polygon",
        "coordinates": [
          [
            [
              116.3425,
              39.979999444444445
            ],
            [
              116.3425,
              39.98063944444445
            ],
            [
              116.3434,
              39.98063944444445
            ],
            [
              116.3434,
              39.979999444444445
            ],
            [
              116.3425,
              39.979999444444445
            ]
          ]
        ]
      }
    },
    {
      "type": "Feature",
      "id": "BLDG-010",
      "properties": {
        "id": "BLDG-010",
        "layer": "BUILDING_FOOTPRINT",
        "source_type": "agent_generated_design",
        "confidence": "low",
        "geometry_role": "design_proposal",
        "building_type": "existing_retained",
        "action": "retain",
        "name_zh": "概念建筑基底",
        "usage_note": "概念性建筑基底，仅用于展示空间关系；不代表现状、权属或拆改结论。"
      },
      "geometry": {
        "type": "Polygon",
        "coordinates": [
          [
            [
              116.34235,
              39.97987944444445
            ],
            [
              116.34235,
              39.980759444444445
            ],
            [
              116.34355000000001,
              39.980759444444445
            ],
            [
              116.34355000000001,
              39.97987944444445
            ],
            [
              116.34235,
              39.97987944444445
            ]
          ]
        ]
      }
    },
    {
      "type": "Feature",
      "id": "BLDG-011",
      "properties": {
        "id": "BLDG-011",
        "layer": "BUILDING_FOOTPRINT",
        "source_type": "agent_generated_design",
        "confidence": "low",
        "geometry_role": "design_proposal",
        "building_type": "existing_retained",
        "action": "retain",
        "name_zh": "概念建筑基底",
        "usage_note": "概念性建筑基底，仅用于展示空间关系；不代表现状、权属或拆改结论。"
      },
      "geometry": {
        "type": "Polygon",
        "coordinates": [
          [
            [
              116.34119999999999,
              39.99349111111106
            ],
            [
              116.34119999999999,
              39.994131111111066
            ],
            [
              116.34209999999999,
              39.994131111111066
            ],
            [
              116.34209999999999,
              39.99349111111106
            ],
            [
              116.34119999999999,
              39.99349111111106
            ]
          ]
        ]
      }
    },
    {
      "type": "Feature",
      "id": "BLDG-012",
      "properties": {
        "id": "BLDG-012",
        "layer": "BUILDING_FOOTPRINT",
        "source_type": "agent_generated_design",
        "confidence": "low",
        "geometry_role": "design_proposal",
        "building_type": "existing_retained",
        "action": "retain",
        "name_zh": "概念建筑基底",
        "usage_note": "概念性建筑基底，仅用于展示空间关系；不代表现状、权属或拆改结论。"
      },
      "geometry": {
        "type": "Polygon",
        "coordinates": [
          [
            [
              116.34104999999998,
              39.99337111111107
            ],
            [
              116.34104999999998,
              39.99425111111106
            ],
            [
              116.34224999999999,
              39.99425111111106
            ],
            [
              116.34224999999999,
              39.99337111111107
            ],
            [
              116.34104999999998,
              39.99337111111107
            ]
          ]
        ]
      }
    },
    {
      "type": "Feature",
      "id": "BLDG-013",
      "properties": {
        "id": "BLDG-013",
        "layer": "BUILDING_FOOTPRINT",
        "source_type": "agent_generated_design",
        "confidence": "low",
        "geometry_role": "design_proposal",
        "building_type": "mixed_use",
        "action": "new",
        "name_zh": "概念建筑基底",
        "usage_note": "概念性建筑基底，仅用于展示空间关系；不代表现状、权属或拆改结论。"
      },
      "geometry": {
        "type": "Polygon",
        "coordinates": [
          [
            [
              116.34575,
              39.945971666666665
            ],
            [
              116.34575,
              39.94661166666667
            ],
            [
              116.34665,
              39.94661166666667
            ],
            [
              116.34665,
              39.945971666666665
            ],
            [
              116.34575,
              39.945971666666665
            ]
          ]
        ]
      }
    },
    {
      "type": "Feature",
      "id": "BLDG-014",
      "properties": {
        "id": "BLDG-014",
        "layer": "BUILDING_FOOTPRINT",
        "source_type": "agent_generated_design",
        "confidence": "low",
        "geometry_role": "design_proposal",
        "building_type": "office",
        "action": "renovate",
        "name_zh": "概念建筑基底",
        "usage_note": "概念性建筑基底，仅用于展示空间关系；不代表现状、权属或拆改结论。"
      },
      "geometry": {
        "type": "Polygon",
        "coordinates": [
          [
            [
              116.34559999999999,
              39.94585166666667
            ],
            [
              116.34559999999999,
              39.946731666666665
            ],
            [
              116.3468,
              39.946731666666665
            ],
            [
              116.3468,
              39.94585166666667
            ],
            [
              116.34559999999999,
              39.94585166666667
            ]
          ]
        ]
      }
    },
    {
      "type": "Feature",
      "id": "BLDG-015",
      "properties": {
        "id": "BLDG-015",
        "layer": "BUILDING_FOOTPRINT",
        "source_type": "agent_generated_design",
        "confidence": "low",
        "geometry_role": "design_proposal",
        "building_type": "existing_retained",
        "action": "retain",
        "name_zh": "概念建筑基底",
        "usage_note": "概念性建筑基底，仅用于展示空间关系；不代表现状、权属或拆改结论。"
      },
      "geometry": {
        "type": "Polygon",
        "coordinates": [
          [
            [
              116.3529,
              39.95083277777778
            ],
            [
              116.3529,
              39.95147277777778
            ],
            [
              116.3538,
              39.95147277777778
            ],
            [
              116.3538,
              39.95083277777778
            ],
            [
              116.3529,
              39.95083277777778
            ]
          ]
        ]
      }
    },
    {
      "type": "Feature",
      "id": "BLDG-016",
      "properties": {
        "id": "BLDG-016",
        "layer": "BUILDING_FOOTPRINT",
        "source_type": "agent_generated_design",
        "confidence": "low",
        "geometry_role": "design_proposal",
        "building_type": "existing_retained",
        "action": "retain",
        "name_zh": "概念建筑基底",
        "usage_note": "概念性建筑基底，仅用于展示空间关系；不代表现状、权属或拆改结论。"
      },
      "geometry": {
        "type": "Polygon",
        "coordinates": [
          [
            [
              116.35275,
              39.95071277777778
            ],
            [
              116.35275,
              39.951592777777776
            ],
            [
              116.35395000000001,
              39.951592777777776
            ],
            [
              116.35395000000001,
              39.95071277777778
            ],
            [
              116.35275,
              39.95071277777778
            ]
          ]
        ]
      }
    },
    {
      "type": "Feature",
      "id": "BLDG-017",
      "properties": {
        "id": "BLDG-017",
        "layer": "BUILDING_FOOTPRINT",
        "source_type": "agent_generated_design",
        "confidence": "low",
        "geometry_role": "design_proposal",
        "building_type": "existing_retained",
        "action": "retain",
        "name_zh": "概念建筑基底",
        "usage_note": "概念性建筑基底，仅用于展示空间关系；不代表现状、权属或拆改结论。"
      },
      "geometry": {
        "type": "Polygon",
        "coordinates": [
          [
            [
              116.35413666666668,
              39.96626333333333
            ],
            [
              116.35413666666668,
              39.966903333333335
            ],
            [
              116.35503666666668,
              39.966903333333335
            ],
            [
              116.35503666666668,
              39.96626333333333
            ],
            [
              116.35413666666668,
              39.96626333333333
            ]
          ]
        ]
      }
    },
    {
      "type": "Feature",
      "id": "BLDG-018",
      "properties": {
        "id": "BLDG-018",
        "layer": "BUILDING_FOOTPRINT",
        "source_type": "agent_generated_design",
        "confidence": "low",
        "geometry_role": "design_proposal",
        "building_type": "existing_retained",
        "action": "retain",
        "name_zh": "概念建筑基底",
        "usage_note": "概念性建筑基底，仅用于展示空间关系；不代表现状、权属或拆改结论。"
      },
      "geometry": {
        "type": "Polygon",
        "coordinates": [
          [
            [
              116.35518666666668,
              39.966143333333335
            ],
            [
              116.354,
              39.966143333333335
            ],
            [
              116.354,
              39.96702333333333
            ],
            [
              116.35513813333333,
              39.96702333333333
            ],
            [
              116.35518666666668,
              39.96641666666647
            ],
            [
              116.35518666666668,
              39.966143333333335
            ]
          ]
        ]
      }
    },
    {
      "type": "Feature",
      "id": "BLDG-019",
      "properties": {
        "id": "BLDG-019",
        "layer": "BUILDING_FOOTPRINT",
        "source_type": "agent_generated_design",
        "confidence": "low",
        "geometry_role": "design_proposal",
        "building_type": "existing_retained",
        "action": "retain",
        "name_zh": "概念建筑基底",
        "usage_note": "概念性建筑基底，仅用于展示空间关系；不代表现状、权属或拆改结论。"
      },
      "geometry": {
        "type": "Polygon",
        "coordinates": [
          [
            [
              116.3529,
              39.97924944444446
            ],
            [
              116.3529,
              39.97988944444447
            ],
            [
              116.3538,
              39.97988944444447
            ],
            [
              116.3538,
              39.97924944444446
            ],
            [
              116.3529,
              39.97924944444446
            ]
          ]
        ]
      }
    },
    {
      "type": "Feature",
      "id": "BLDG-020",
      "properties": {
        "id": "BLDG-020",
        "layer": "BUILDING_FOOTPRINT",
        "source_type": "agent_generated_design",
        "confidence": "low",
        "geometry_role": "design_proposal",
        "building_type": "existing_retained",
        "action": "retain",
        "name_zh": "概念建筑基底",
        "usage_note": "概念性建筑基底，仅用于展示空间关系；不代表现状、权属或拆改结论。"
      },
      "geometry": {
        "type": "Polygon",
        "coordinates": [
          [
            [
              116.35275,
              39.97912944444447
            ],
            [
              116.35275,
              39.98000944444446
            ],
            [
              116.35395000000001,
              39.98000944444446
            ],
            [
              116.35395000000001,
              39.97912944444447
            ],
            [
              116.35275,
              39.97912944444447
            ]
          ]
        ]
      }
    },
    {
      "type": "Feature",
      "id": "BLDG-021",
      "properties": {
        "id": "BLDG-021",
        "layer": "BUILDING_FOOTPRINT",
        "source_type": "agent_generated_design",
        "confidence": "low",
        "geometry_role": "design_proposal",
        "building_type": "existing_retained",
        "action": "retain",
        "name_zh": "概念建筑基底",
        "usage_note": "概念性建筑基底，仅用于展示空间关系；不代表现状、权属或拆改结论。"
      },
      "geometry": {
        "type": "Polygon",
        "coordinates": [
          [
            [
              116.3425,
              40.00916611111111
            ],
            [
              116.3425,
              40.00980611111111
            ],
            [
              116.3434,
              40.00980611111111
            ],
            [
              116.3434,
              40.00916611111111
            ],
            [
              116.3425,
              40.00916611111111
            ]
          ]
        ]
      }
    },
    {
      "type": "Feature",
      "id": "BLDG-022",
      "properties": {
        "id": "BLDG-022",
        "layer": "BUILDING_FOOTPRINT",
        "source_type": "agent_generated_design",
        "confidence": "low",
        "geometry_role": "design_proposal",
        "building_type": "existing_retained",
        "action": "retain",
        "name_zh": "概念建筑基底",
        "usage_note": "概念性建筑基底，仅用于展示空间关系；不代表现状、权属或拆改结论。"
      },
      "geometry": {
        "type": "Polygon",
        "coordinates": [
          [
            [
              116.34235,
              40.00904611111111
            ],
            [
              116.34235,
              40.009926111111106
            ],
            [
              116.34355000000001,
              40.009926111111106
            ],
            [
              116.34355000000001,
              40.00904611111111
            ],
            [
              116.34235,
              40.00904611111111
            ]
          ]
        ]
      }
    },
    {
      "type": "Feature",
      "id": "BLDG-023",
      "properties": {
        "id": "BLDG-023",
        "layer": "BUILDING_FOOTPRINT",
        "source_type": "agent_generated_design",
        "confidence": "low",
        "geometry_role": "design_proposal",
        "building_type": "existing_retained",
        "action": "retain",
        "name_zh": "概念建筑基底",
        "usage_note": "概念性建筑基底，仅用于展示空间关系；不代表现状、权属或拆改结论。"
      },
      "geometry": {
        "type": "Polygon",
        "coordinates": [
          [
            [
              116.35413340943683,
              40.02374944444444
            ],
            [
              116.35413340943683,
              40.024389444444445
            ],
            [
              116.35503340943683,
              40.024389444444445
            ],
            [
              116.35503340943683,
              40.02374944444444
            ],
            [
              116.35413340943683,
              40.02374944444444
            ]
          ]
        ]
      }
    },
    {
      "type": "Feature",
      "id": "BLDG-024",
      "properties": {
        "id": "BLDG-024",
        "layer": "BUILDING_FOOTPRINT",
        "source_type": "agent_generated_design",
        "confidence": "low",
        "geometry_role": "design_proposal",
        "building_type": "existing_retained",
        "action": "retain",
        "name_zh": "概念建筑基底",
        "usage_note": "概念性建筑基底，仅用于展示空间关系；不代表现状、权属或拆改结论。"
      },
      "geometry": {
        "type": "Polygon",
        "coordinates": [
          [
            [
              116.35518340943683,
              40.02450944444444
            ],
            [
              116.35518340943683,
              40.024372222222176
            ],
            [
              116.35514270928464,
              40.023629444444445
            ],
            [
              116.354,
              40.023629444444445
            ],
            [
              116.354,
              40.02450944444444
            ],
            [
              116.35518340943683,
              40.02450944444444
            ]
          ]
        ]
      }
    },
    {
      "type": "Feature",
      "id": "BLDG-025",
      "properties": {
        "id": "BLDG-025",
        "layer": "BUILDING_FOOTPRINT",
        "source_type": "agent_generated_design",
        "confidence": "low",
        "geometry_role": "design_proposal",
        "building_type": "existing_retained",
        "action": "retain",
        "name_zh": "概念建筑基底",
        "usage_note": "概念性建筑基底，仅用于展示空间关系；不代表现状、权属或拆改结论。"
      },
      "geometry": {
        "type": "Polygon",
        "coordinates": [
          [
            [
              116.34101624228394,
              39.941110555555554
            ],
            [
              116.34101624228394,
              39.94175055555556
            ],
            [
              116.34191624228394,
              39.94175055555556
            ],
            [
              116.34191624228394,
              39.941110555555554
            ],
            [
              116.34101624228394,
              39.941110555555554
            ]
          ]
        ]
      }
    },
    {
      "type": "Feature",
      "id": "BLDG-026",
      "properties": {
        "id": "BLDG-026",
        "layer": "BUILDING_FOOTPRINT",
        "source_type": "agent_generated_design",
        "confidence": "low",
        "geometry_role": "design_proposal",
        "building_type": "existing_retained",
        "action": "retain",
        "name_zh": "概念建筑基底",
        "usage_note": "概念性建筑基底，仅用于展示空间关系；不代表现状、权属或拆改结论。"
      },
      "geometry": {
        "type": "Polygon",
        "coordinates": [
          [
            [
              116.34086624228394,
              39.94099055555556
            ],
            [
              116.34086624228394,
              39.94187055555555
            ],
            [
              116.34206624228395,
              39.94187055555555
            ],
            [
              116.34206624228395,
              39.94099055555556
            ],
            [
              116.34086624228394,
              39.94099055555556
            ]
          ]
        ]
      }
    },
    {
      "type": "Feature",
      "id": "BLDG-027",
      "properties": {
        "id": "BLDG-027",
        "layer": "BUILDING_FOOTPRINT",
        "source_type": "agent_generated_design",
        "confidence": "low",
        "geometry_role": "design_proposal",
        "building_type": "existing_retained",
        "action": "retain",
        "name_zh": "概念建筑基底",
        "usage_note": "概念性建筑基底，仅用于展示空间关系；不代表现状、权属或拆改结论。"
      },
      "geometry": {
        "type": "Polygon",
        "coordinates": [
          [
            [
              116.341,
              39.95633388888889
            ],
            [
              116.341,
              39.95569388888889
            ],
            [
              116.34023628086419,
              39.95569388888889
            ],
            [
              116.34021850308642,
              39.95633388888889
            ],
            [
              116.341,
              39.95633388888889
            ]
          ]
        ]
      }
    },
    {
      "type": "Feature",
      "id": "BLDG-028",
      "properties": {
        "id": "BLDG-028",
        "layer": "BUILDING_FOOTPRINT",
        "source_type": "agent_generated_design",
        "confidence": "low",
        "geometry_role": "design_proposal",
        "building_type": "existing_retained",
        "action": "retain",
        "name_zh": "概念建筑基底",
        "usage_note": "概念性建筑基底，仅用于展示空间关系；不代表现状、权属或拆改结论。"
      },
      "geometry": {
        "type": "Polygon",
        "coordinates": [
          [
            [
              116.341,
              39.95645388888889
            ],
            [
              116.341,
              39.95557388888889
            ],
            [
              116.34023961419753,
              39.95557388888889
            ],
            [
              116.34021516975308,
              39.95645388888889
            ],
            [
              116.341,
              39.95645388888889
            ]
          ]
        ]
      }
    },
    {
      "type": "Feature",
      "id": "BLDG-029",
      "properties": {
        "id": "BLDG-029",
        "layer": "BUILDING_FOOTPRINT",
        "source_type": "agent_generated_design",
        "confidence": "low",
        "geometry_role": "design_proposal",
        "building_type": "existing_retained",
        "action": "retain",
        "name_zh": "概念建筑基底",
        "usage_note": "概念性建筑基底，仅用于展示空间关系；不代表现状、权属或拆改结论。"
      },
      "geometry": {
        "type": "Polygon",
        "coordinates": [
          [
            [
              116.3425,
              39.97027722222222
            ],
            [
              116.3425,
              39.970917222222226
            ],
            [
              116.3434,
              39.970917222222226
            ],
            [
              116.3434,
              39.97027722222222
            ],
            [
              116.3425,
              39.97027722222222
            ]
          ]
        ]
      }
    },
    {
      "type": "Feature",
      "id": "BLDG-030",
      "properties": {
        "id": "BLDG-030",
        "layer": "BUILDING_FOOTPRINT",
        "source_type": "agent_generated_design",
        "confidence": "low",
        "geometry_role": "design_proposal",
        "building_type": "existing_retained",
        "action": "retain",
        "name_zh": "概念建筑基底",
        "usage_note": "概念性建筑基底，仅用于展示空间关系；不代表现状、权属或拆改结论。"
      },
      "geometry": {
        "type": "Polygon",
        "coordinates": [
          [
            [
              116.34235,
              39.97015722222223
            ],
            [
              116.34235,
              39.97103722222222
            ],
            [
              116.34355000000001,
              39.97103722222222
            ],
            [
              116.34355000000001,
              39.97015722222223
            ],
            [
              116.34235,
              39.97015722222223
            ]
          ]
        ]
      }
    },
    {
      "type": "Feature",
      "id": "BLDG-031",
      "properties": {
        "id": "BLDG-031",
        "layer": "BUILDING_FOOTPRINT",
        "source_type": "agent_generated_design",
        "confidence": "low",
        "geometry_role": "design_proposal",
        "building_type": "existing_retained",
        "action": "retain",
        "name_zh": "概念建筑基底",
        "usage_note": "概念性建筑基底，仅用于展示空间关系；不代表现状、权属或拆改结论。"
      },
      "geometry": {
        "type": "Polygon",
        "coordinates": [
          [
            [
              116.34119999999999,
              39.98486055555555
            ],
            [
              116.34119999999999,
              39.985500555555554
            ],
            [
              116.34209999999999,
              39.985500555555554
            ],
            [
              116.34209999999999,
              39.98486055555555
            ],
            [
              116.34119999999999,
              39.98486055555555
            ]
          ]
        ]
      }
    },
    {
      "type": "Feature",
      "id": "BLDG-032",
      "properties": {
        "id": "BLDG-032",
        "layer": "BUILDING_FOOTPRINT",
        "source_type": "agent_generated_design",
        "confidence": "low",
        "geometry_role": "design_proposal",
        "building_type": "existing_retained",
        "action": "retain",
        "name_zh": "概念建筑基底",
        "usage_note": "概念性建筑基底，仅用于展示空间关系；不代表现状、权属或拆改结论。"
      },
      "geometry": {
        "type": "Polygon",
        "coordinates": [
          [
            [
              116.34104999999998,
              39.984740555555554
            ],
            [
              116.34104999999998,
              39.98562055555555
            ],
            [
              116.34224999999999,
              39.98562055555555
            ],
            [
              116.34224999999999,
              39.984740555555554
            ],
            [
              116.34104999999998,
              39.984740555555554
            ]
          ]
        ]
      }
    },
    {
      "type": "Feature",
      "id": "BLDG-033",
      "properties": {
        "id": "BLDG-033",
        "layer": "BUILDING_FOOTPRINT",
        "source_type": "agent_generated_design",
        "confidence": "low",
        "geometry_role": "design_proposal",
        "building_type": "existing_retained",
        "action": "retain",
        "name_zh": "概念建筑基底",
        "usage_note": "概念性建筑基底，仅用于展示空间关系；不代表现状、权属或拆改结论。"
      },
      "geometry": {
        "type": "Polygon",
        "coordinates": [
          [
            [
              116.341,
              39.994131111111066
            ],
            [
              116.341,
              39.99349111111106
            ],
            [
              116.34089297491039,
              39.99349111111106
            ],
            [
              116.34093426523297,
              39.994131111111066
            ],
            [
              116.341,
              39.994131111111066
            ]
          ]
        ]
      }
    },
    {
      "type": "Feature",
      "id": "BLDG-034",
      "properties": {
        "id": "BLDG-034",
        "layer": "BUILDING_FOOTPRINT",
        "source_type": "agent_generated_design",
        "confidence": "low",
        "geometry_role": "design_proposal",
        "building_type": "existing_retained",
        "action": "retain",
        "name_zh": "概念建筑基底",
        "usage_note": "概念性建筑基底，仅用于展示空间关系；不代表现状、权属或拆改结论。"
      },
      "geometry": {
        "type": "Polygon",
        "coordinates": [
          [
            [
              116.341,
              39.99425111111106
            ],
            [
              116.341,
              39.99337111111107
            ],
            [
              116.34088523297491,
              39.99337111111107
            ],
            [
              116.34094200716845,
              39.99425111111106
            ],
            [
              116.341,
              39.99425111111106
            ]
          ]
        ]
      }
    },
    {
      "type": "Feature",
      "id": "BLDG-035",
      "properties": {
        "id": "BLDG-035",
        "layer": "BUILDING_FOOTPRINT",
        "source_type": "agent_generated_design",
        "confidence": "low",
        "geometry_role": "design_proposal",
        "building_type": "existing_retained",
        "action": "retain",
        "name_zh": "概念建筑基底",
        "usage_note": "概念性建筑基底，仅用于展示空间关系；不代表现状、权属或拆改结论。"
      },
      "geometry": {
        "type": "Polygon",
        "coordinates": [
          [
            [
              116.34134883512544,
              39.999443888888884
            ],
            [
              116.34134883512544,
              40.00008388888889
            ],
            [
              116.34224883512545,
              40.00008388888889
            ],
            [
              116.34224883512545,
              39.999443888888884
            ],
            [
              116.34134883512544,
              39.999443888888884
            ]
          ]
        ]
      }
    },
    {
      "type": "Feature",
      "id": "BLDG-036",
      "properties": {
        "id": "BLDG-036",
        "layer": "BUILDING_FOOTPRINT",
        "source_type": "agent_generated_design",
        "confidence": "low",
        "geometry_role": "design_proposal",
        "building_type": "existing_retained",
        "action": "retain",
        "name_zh": "概念建筑基底",
        "usage_note": "概念性建筑基底，仅用于展示空间关系；不代表现状、权属或拆改结论。"
      },
      "geometry": {
        "type": "Polygon",
        "coordinates": [
          [
            [
              116.3423,
              40.00020388888888
            ],
            [
              116.3423,
              39.99932388888889
            ],
            [
              116.34126928315412,
              39.99932388888889
            ],
            [
              116.34132605734767,
              40.00020388888888
            ],
            [
              116.3423,
              40.00020388888888
            ]
          ]
        ]
      }
    },
    {
      "type": "Feature",
      "id": "BLDG-037",
      "properties": {
        "id": "BLDG-037",
        "layer": "BUILDING_FOOTPRINT",
        "source_type": "agent_generated_design",
        "confidence": "low",
        "geometry_role": "design_proposal",
        "building_type": "existing_retained",
        "action": "retain",
        "name_zh": "概念建筑基底",
        "usage_note": "概念性建筑基底，仅用于展示空间关系；不代表现状、权属或拆改结论。"
      },
      "geometry": {
        "type": "Polygon",
        "coordinates": [
          [
            [
              116.34575,
              39.941110555555554
            ],
            [
              116.34575,
              39.94175055555556
            ],
            [
              116.34665,
              39.94175055555556
            ],
            [
              116.34665,
              39.941110555555554
            ],
            [
              116.34575,
              39.941110555555554
            ]
          ]
        ]
      }
    },
    {
      "type": "Feature",
      "id": "BLDG-038",
      "properties": {
        "id": "BLDG-038",
        "layer": "BUILDING_FOOTPRINT",
        "source_type": "agent_generated_design",
        "confidence": "low",
        "geometry_role": "design_proposal",
        "building_type": "existing_retained",
        "action": "retain",
        "name_zh": "概念建筑基底",
        "usage_note": "概念性建筑基底，仅用于展示空间关系；不代表现状、权属或拆改结论。"
      },
      "geometry": {
        "type": "Polygon",
        "coordinates": [
          [
            [
              116.34559999999999,
              39.94099055555556
            ],
            [
              116.34559999999999,
              39.94187055555555
            ],
            [
              116.3468,
              39.94187055555555
            ],
            [
              116.3468,
              39.94099055555556
            ],
            [
              116.34559999999999,
              39.94099055555556
            ]
          ]
        ]
      }
    },
    {
      "type": "Feature",
      "id": "BLDG-039",
      "properties": {
        "id": "BLDG-039",
        "layer": "BUILDING_FOOTPRINT",
        "source_type": "agent_generated_design",
        "confidence": "low",
        "geometry_role": "design_proposal",
        "building_type": "existing_retained",
        "action": "retain",
        "name_zh": "概念建筑基底",
        "usage_note": "概念性建筑基底，仅用于展示空间关系；不代表现状、权属或拆改结论。"
      },
      "geometry": {
        "type": "Polygon",
        "coordinates": [
          [
            [
              116.35095,
              39.941110555555554
            ],
            [
              116.35095,
              39.94175055555556
            ],
            [
              116.35185,
              39.94175055555556
            ],
            [
              116.35185,
              39.941110555555554
            ],
            [
              116.35095,
              39.941110555555554
            ]
          ]
        ]
      }
    },
    {
      "type": "Feature",
      "id": "BLDG-040",
      "properties": {
        "id": "BLDG-040",
        "layer": "BUILDING_FOOTPRINT",
        "source_type": "agent_generated_design",
        "confidence": "low",
        "geometry_role": "design_proposal",
        "building_type": "existing_retained",
        "action": "retain",
        "name_zh": "概念建筑基底",
        "usage_note": "概念性建筑基底，仅用于展示空间关系；不代表现状、权属或拆改结论。"
      },
      "geometry": {
        "type": "Polygon",
        "coordinates": [
          [
            [
              116.35079999999999,
              39.94099055555556
            ],
            [
              116.35079999999999,
              39.94187055555555
            ],
            [
              116.352,
              39.94187055555555
            ],
            [
              116.352,
              39.94099055555556
            ],
            [
              116.35079999999999,
              39.94099055555556
            ]
          ]
        ]
      }
    },
    {
      "type": "Feature",
      "id": "BLDG-041",
      "properties": {
        "id": "BLDG-041",
        "layer": "BUILDING_FOOTPRINT",
        "source_type": "agent_generated_design",
        "confidence": "low",
        "geometry_role": "design_proposal",
        "building_type": "existing_retained",
        "action": "retain",
        "name_zh": "概念建筑基底",
        "usage_note": "概念性建筑基底，仅用于展示空间关系；不代表现状、权属或拆改结论。"
      },
      "geometry": {
        "type": "Polygon",
        "coordinates": [
          [
            [
              116.35419999999999,
              39.95569388888889
            ],
            [
              116.35419999999999,
              39.95633388888889
            ],
            [
              116.3551,
              39.95633388888889
            ],
            [
              116.3551,
              39.95569388888889
            ],
            [
              116.35419999999999,
              39.95569388888889
            ]
          ]
        ]
      }
    },
    {
      "type": "Feature",
      "id": "BLDG-042",
      "properties": {
        "id": "BLDG-042",
        "layer": "BUILDING_FOOTPRINT",
        "source_type": "agent_generated_design",
        "confidence": "low",
        "geometry_role": "design_proposal",
        "building_type": "existing_retained",
        "action": "retain",
        "name_zh": "概念建筑基底",
        "usage_note": "概念性建筑基底，仅用于展示空间关系；不代表现状、权属或拆改结论。"
      },
      "geometry": {
        "type": "Polygon",
        "coordinates": [
          [
            [
              116.35404999999999,
              39.95557388888889
            ],
            [
              116.35404999999999,
              39.95645388888889
            ],
            [
              116.35525,
              39.95645388888889
            ],
            [
              116.35525,
              39.95557388888889
            ],
            [
              116.35404999999999,
              39.95557388888889
            ]
          ]
        ]
      }
    },
    {
      "type": "Feature",
      "id": "BLDG-043",
      "properties": {
        "id": "BLDG-043",
        "layer": "BUILDING_FOOTPRINT",
        "source_type": "agent_generated_design",
        "confidence": "low",
        "geometry_role": "design_proposal",
        "building_type": "existing_retained",
        "action": "retain",
        "name_zh": "概念建筑基底",
        "usage_note": "概念性建筑基底，仅用于展示空间关系；不代表现状、权属或拆改结论。"
      },
      "geometry": {
        "type": "Polygon",
        "coordinates": [
          [
            [
              116.3533261111111,
              39.97027722222222
            ],
            [
              116.3533261111111,
              39.970917222222226
            ],
            [
              116.3542261111111,
              39.970917222222226
            ],
            [
              116.3542261111111,
              39.97027722222222
            ],
            [
              116.3533261111111,
              39.97027722222222
            ]
          ]
        ]
      }
    },
    {
      "type": "Feature",
      "id": "BLDG-044",
      "properties": {
        "id": "BLDG-044",
        "layer": "BUILDING_FOOTPRINT",
        "source_type": "agent_generated_design",
        "confidence": "low",
        "geometry_role": "design_proposal",
        "building_type": "existing_retained",
        "action": "retain",
        "name_zh": "概念建筑基底",
        "usage_note": "概念性建筑基底，仅用于展示空间关系；不代表现状、权属或拆改结论。"
      },
      "geometry": {
        "type": "Polygon",
        "coordinates": [
          [
            [
              116.3531761111111,
              39.97015722222223
            ],
            [
              116.3531761111111,
              39.97103722222222
            ],
            [
              116.35437611111111,
              39.97103722222222
            ],
            [
              116.35437611111111,
              39.97015722222223
            ],
            [
              116.3531761111111,
              39.97015722222223
            ]
          ]
        ]
      }
    },
    {
      "type": "Feature",
      "id": "BLDG-045",
      "properties": {
        "id": "BLDG-045",
        "layer": "BUILDING_FOOTPRINT",
        "source_type": "agent_generated_design",
        "confidence": "low",
        "geometry_role": "design_proposal",
        "building_type": "existing_retained",
        "action": "retain",
        "name_zh": "概念建筑基底",
        "usage_note": "概念性建筑基底，仅用于展示空间关系；不代表现状、权属或拆改结论。"
      },
      "geometry": {
        "type": "Polygon",
        "coordinates": [
          [
            [
              116.35274277777778,
              39.98486055555555
            ],
            [
              116.35274277777778,
              39.985500555555554
            ],
            [
              116.35364277777778,
              39.985500555555554
            ],
            [
              116.35364277777778,
              39.98486055555555
            ],
            [
              116.35274277777778,
              39.98486055555555
            ]
          ]
        ]
      }
    },
    {
      "type": "Feature",
      "id": "BLDG-046",
      "properties": {
        "id": "BLDG-046",
        "layer": "BUILDING_FOOTPRINT",
        "source_type": "agent_generated_design",
        "confidence": "low",
        "geometry_role": "design_proposal",
        "building_type": "existing_retained",
        "action": "retain",
        "name_zh": "概念建筑基底",
        "usage_note": "概念性建筑基底，仅用于展示空间关系；不代表现状、权属或拆改结论。"
      },
      "geometry": {
        "type": "Polygon",
        "coordinates": [
          [
            [
              116.35365035555556,
              39.98562055555555
            ],
            [
              116.35372075555556,
              39.984740555555554
            ],
            [
              116.3527,
              39.984740555555554
            ],
            [
              116.3527,
              39.98562055555555
            ],
            [
              116.35365035555556,
              39.98562055555555
            ]
          ]
        ]
      }
    },
    {
      "type": "Feature",
      "id": "BLDG-047",
      "properties": {
        "id": "BLDG-047",
        "layer": "BUILDING_FOOTPRINT",
        "source_type": "agent_generated_design",
        "confidence": "low",
        "geometry_role": "design_proposal",
        "building_type": "existing_retained",
        "action": "retain",
        "name_zh": "概念建筑基底",
        "usage_note": "概念性建筑基底，仅用于展示空间关系；不代表现状、权属或拆改结论。"
      },
      "geometry": {
        "type": "Polygon",
        "coordinates": [
          [
            [
              116.35465162861492,
              40.01466722222222
            ],
            [
              116.35461656012177,
              40.01402722222222
            ],
            [
              116.354,
              40.01402722222222
            ],
            [
              116.354,
              40.01466722222222
            ],
            [
              116.35465162861492,
              40.01466722222222
            ]
          ]
        ]
      }
    },
    {
      "type": "Feature",
      "id": "BLDG-048",
      "properties": {
        "id": "BLDG-048",
        "layer": "BUILDING_FOOTPRINT",
        "source_type": "agent_generated_design",
        "confidence": "low",
        "geometry_role": "design_proposal",
        "building_type": "existing_retained",
        "action": "retain",
        "name_zh": "概念建筑基底",
        "usage_note": "概念性建筑基底，仅用于展示空间关系；不代表现状、权属或拆改结论。"
      },
      "geometry": {
        "type": "Polygon",
        "coordinates": [
          [
            [
              116.35465820395738,
              40.01478722222222
            ],
            [
              116.3546099847793,
              40.01390722222222
            ],
            [
              116.354,
              40.01390722222222
            ],
            [
              116.354,
              40.01478722222222
            ],
            [
              116.35465820395738,
              40.01478722222222
            ]
          ]
        ]
      }
    },
    {
      "type": "Feature",
      "id": "BLDG-049",
      "properties": {
        "id": "BLDG-049",
        "layer": "BUILDING_FOOTPRINT",
        "source_type": "agent_generated_design",
        "confidence": "low",
        "geometry_role": "design_proposal",
        "building_type": "existing_retained",
        "action": "retain",
        "name_zh": "概念建筑基底",
        "usage_note": "概念性建筑基底，仅用于展示空间关系；不代表现状、权属或拆改结论。"
      },
      "geometry": {
        "type": "Polygon",
        "coordinates": [
          [
            [
              116.34119999999999,
              39.95083277777778
            ],
            [
              116.34119999999999,
              39.95147277777778
            ],
            [
              116.34209999999999,
              39.95147277777778
            ],
            [
              116.34209999999999,
              39.95083277777778
            ],
            [
              116.34119999999999,
              39.95083277777778
            ]
          ]
        ]
      }
    },
    {
      "type": "Feature",
      "id": "BLDG-050",
      "properties": {
        "id": "BLDG-050",
        "layer": "BUILDING_FOOTPRINT",
        "source_type": "agent_generated_design",
        "confidence": "low",
        "geometry_role": "design_proposal",
        "building_type": "existing_retained",
        "action": "retain",
        "name_zh": "概念建筑基底",
        "usage_note": "概念性建筑基底，仅用于展示空间关系；不代表现状、权属或拆改结论。"
      },
      "geometry": {
        "type": "Polygon",
        "coordinates": [
          [
            [
              116.34104999999998,
              39.95071277777778
            ],
            [
              116.34104999999998,
              39.951592777777776
            ],
            [
              116.34224999999999,
              39.951592777777776
            ],
            [
              116.34224999999999,
              39.95071277777778
            ],
            [
              116.34104999999998,
              39.95071277777778
            ]
          ]
        ]
      }
    },
    {
      "type": "Feature",
      "id": "BLDG-051",
      "properties": {
        "id": "BLDG-051",
        "layer": "BUILDING_FOOTPRINT",
        "source_type": "agent_generated_design",
        "confidence": "low",
        "geometry_role": "design_proposal",
        "building_type": "existing_retained",
        "action": "retain",
        "name_zh": "概念建筑基底",
        "usage_note": "概念性建筑基底，仅用于展示空间关系；不代表现状、权属或拆改结论。"
      },
      "geometry": {
        "type": "Polygon",
        "coordinates": [
          [
            [
              116.34002866512344,
              39.96541611111111
            ],
            [
              116.34002866512344,
              39.966056111111115
            ],
            [
              116.34092866512344,
              39.966056111111115
            ],
            [
              116.34092866512344,
              39.96541611111111
            ],
            [
              116.34002866512344,
              39.96541611111111
            ]
          ]
        ]
      }
    },
    {
      "type": "Feature",
      "id": "BLDG-052",
      "properties": {
        "id": "BLDG-052",
        "layer": "BUILDING_FOOTPRINT",
        "source_type": "agent_generated_design",
        "confidence": "low",
        "geometry_role": "design_proposal",
        "building_type": "existing_retained",
        "action": "retain",
        "name_zh": "概念建筑基底",
        "usage_note": "概念性建筑基底，仅用于展示空间关系；不代表现状、权属或拆改结论。"
      },
      "geometry": {
        "type": "Polygon",
        "coordinates": [
          [
            [
              116.341,
              39.96617611111111
            ],
            [
              116.341,
              39.965296111111115
            ],
            [
              116.33996955246913,
              39.965296111111115
            ],
            [
              116.3399451080247,
              39.96617611111111
            ],
            [
              116.341,
              39.96617611111111
            ]
          ]
        ]
      }
    },
    {
      "type": "Feature",
      "id": "BLDG-053",
      "properties": {
        "id": "BLDG-053",
        "layer": "BUILDING_FOOTPRINT",
        "source_type": "agent_generated_design",
        "confidence": "low",
        "geometry_role": "design_proposal",
        "building_type": "existing_retained",
        "action": "retain",
        "name_zh": "概念建筑基底",
        "usage_note": "概念性建筑基底，仅用于展示空间关系；不代表现状、权属或拆改结论。"
      },
      "geometry": {
        "type": "Polygon",
        "coordinates": [
          [
            [
              116.35443773333334,
              39.97577833333334
            ],
            [
              116.35448893333333,
              39.975138333333334
            ],
            [
              116.354,
              39.975138333333334
            ],
            [
              116.354,
              39.97577833333334
            ],
            [
              116.35443773333334,
              39.97577833333334
            ]
          ]
        ]
      }
    },
    {
      "type": "Feature",
      "id": "BLDG-054",
      "properties": {
        "id": "BLDG-054",
        "layer": "BUILDING_FOOTPRINT",
        "source_type": "agent_generated_design",
        "confidence": "low",
        "geometry_role": "design_proposal",
        "building_type": "existing_retained",
        "action": "retain",
        "name_zh": "概念建筑基底",
        "usage_note": "概念性建筑基底，仅用于展示空间关系；不代表现状、权属或拆改结论。"
      },
      "geometry": {
        "type": "Polygon",
        "coordinates": [
          [
            [
              116.35442813333334,
              39.97589833333333
            ],
            [
              116.35449853333333,
              39.97501833333334
            ],
            [
              116.354,
              39.97501833333334
            ],
            [
              116.354,
              39.97589833333333
            ],
            [
              116.35442813333334,
              39.97589833333333
            ]
          ]
        ]
      }
    },
    {
      "type": "Feature",
      "id": "BLDG-055",
      "properties": {
        "id": "BLDG-055",
        "layer": "BUILDING_FOOTPRINT",
        "source_type": "agent_generated_design",
        "confidence": "low",
        "geometry_role": "design_proposal",
        "building_type": "education",
        "action": "retain",
        "name_zh": "概念建筑基底",
        "usage_note": "概念性建筑基底，仅用于展示空间关系；不代表现状、权属或拆改结论。"
      },
      "geometry": {
        "type": "Polygon",
        "coordinates": [
          [
            [
              116.34705,
              39.98486055555555
            ],
            [
              116.34705,
              39.985500555555554
            ],
            [
              116.34795,
              39.985500555555554
            ],
            [
              116.34795,
              39.98486055555555
            ],
            [
              116.34705,
              39.98486055555555
            ]
          ]
        ]
      }
    },
    {
      "type": "Feature",
      "id": "BLDG-056",
      "properties": {
        "id": "BLDG-056",
        "layer": "BUILDING_FOOTPRINT",
        "source_type": "agent_generated_design",
        "confidence": "low",
        "geometry_role": "design_proposal",
        "building_type": "incubator",
        "action": "renovate",
        "name_zh": "概念建筑基底",
        "usage_note": "概念性建筑基底，仅用于展示空间关系；不代表现状、权属或拆改结论。"
      },
      "geometry": {
        "type": "Polygon",
        "coordinates": [
          [
            [
              116.34689999999999,
              39.984740555555554
            ],
            [
              116.34689999999999,
              39.98562055555555
            ],
            [
              116.3481,
              39.98562055555555
            ],
            [
              116.3481,
              39.984740555555554
            ],
            [
              116.34689999999999,
              39.984740555555554
            ]
          ]
        ]
      }
    },
    {
      "type": "Feature",
      "id": "BLDG-057",
      "properties": {
        "id": "BLDG-057",
        "layer": "BUILDING_FOOTPRINT",
        "source_type": "agent_generated_design",
        "confidence": "low",
        "geometry_role": "design_proposal",
        "building_type": "existing_retained",
        "action": "retain",
        "name_zh": "概念建筑基底",
        "usage_note": "概念性建筑基底，仅用于展示空间关系；不代表现状、权属或拆改结论。"
      },
      "geometry": {
        "type": "Polygon",
        "coordinates": [
          [
            [
              116.35358432267884,
              39.99522277777778
            ],
            [
              116.35358432267884,
              39.99518888888878
            ],
            [
              116.35355111111112,
              39.99458277777777
            ],
            [
              116.3527,
              39.99458277777777
            ],
            [
              116.3527,
              39.99522277777778
            ],
            [
              116.35358432267884,
              39.99522277777778
            ]
          ]
        ]
      }
    },
    {
      "type": "Feature",
      "id": "BLDG-058",
      "properties": {
        "id": "BLDG-058",
        "layer": "BUILDING_FOOTPRINT",
        "source_type": "agent_generated_design",
        "confidence": "low",
        "geometry_role": "design_proposal",
        "building_type": "existing_retained",
        "action": "retain",
        "name_zh": "概念建筑基底",
        "usage_note": "概念性建筑基底，仅用于展示空间关系；不代表现状、权属或拆改结论。"
      },
      "geometry": {
        "type": "Polygon",
        "coordinates": [
          [
            [
              116.35359275494673,
              39.99534277777777
            ],
            [
              116.35354453576865,
              39.99446277777778
            ],
            [
              116.3527,
              39.99446277777778
            ],
            [
              116.3527,
              39.99534277777777
            ],
            [
              116.35359275494673,
              39.99534277777777
            ]
          ]
        ]
      }
    },
    {
      "type": "Feature",
      "id": "BLDG-059",
      "properties": {
        "id": "BLDG-059",
        "layer": "BUILDING_FOOTPRINT",
        "source_type": "agent_generated_design",
        "confidence": "low",
        "geometry_role": "design_proposal",
        "building_type": "existing_retained",
        "action": "retain",
        "name_zh": "概念建筑基底",
        "usage_note": "概念性建筑基底，仅用于展示空间关系；不代表现状、权属或拆改结论。"
      },
      "geometry": {
        "type": "Polygon",
        "coordinates": [
          [
            [
              116.3425,
              39.99458277777777
            ],
            [
              116.3425,
              39.99522277777778
            ],
            [
              116.3434,
              39.99522277777778
            ],
            [
              116.3434,
              39.99458277777777
            ],
            [
              116.3425,
              39.99458277777777
            ]
          ]
        ]
      }
    },
    {
      "type": "Feature",
      "id": "BLDG-060",
      "properties": {
        "id": "BLDG-060",
        "layer": "BUILDING_FOOTPRINT",
        "source_type": "agent_generated_design",
        "confidence": "low",
        "geometry_role": "design_proposal",
        "building_type": "existing_retained",
        "action": "retain",
        "name_zh": "概念建筑基底",
        "usage_note": "概念性建筑基底，仅用于展示空间关系；不代表现状、权属或拆改结论。"
      },
      "geometry": {
        "type": "Polygon",
        "coordinates": [
          [
            [
              116.34235,
              39.99446277777778
            ],
            [
              116.34235,
              39.99534277777777
            ],
            [
              116.34355000000001,
              39.99534277777777
            ],
            [
              116.34355000000001,
              39.99446277777778
            ],
            [
              116.34235,
              39.99446277777778
            ]
          ]
        ]
      }
    },
    {
      "type": "Feature",
      "id": "BLDG-061",
      "properties": {
        "id": "BLDG-061",
        "layer": "BUILDING_FOOTPRINT",
        "source_type": "agent_generated_design",
        "confidence": "low",
        "geometry_role": "design_proposal",
        "building_type": "existing_retained",
        "action": "retain",
        "name_zh": "概念建筑基底",
        "usage_note": "概念性建筑基底，仅用于展示空间关系；不代表现状、权属或拆改结论。"
      },
      "geometry": {
        "type": "Polygon",
        "coordinates": [
          [
            [
              116.3423,
              40.00980611111111
            ],
            [
              116.3423,
              40.00916611111111
            ],
            [
              116.34185444444445,
              40.00916611111111
            ],
            [
              116.34188566395663,
              40.00980611111111
            ],
            [
              116.3423,
              40.00980611111111
            ]
          ]
        ]
      }
    },
    {
      "type": "Feature",
      "id": "BLDG-062",
      "properties": {
        "id": "BLDG-062",
        "layer": "BUILDING_FOOTPRINT",
        "source_type": "agent_generated_design",
        "confidence": "low",
        "geometry_role": "design_proposal",
        "building_type": "existing_retained",
        "action": "retain",
        "name_zh": "概念建筑基底",
        "usage_note": "概念性建筑基底，仅用于展示空间关系；不代表现状、权属或拆改结论。"
      },
      "geometry": {
        "type": "Polygon",
        "coordinates": [
          [
            [
              116.3423,
              40.009926111111106
            ],
            [
              116.3423,
              40.00904611111111
            ],
            [
              116.34184859078592,
              40.00904611111111
            ],
            [
              116.34189151761517,
              40.009926111111106
            ],
            [
              116.3423,
              40.009926111111106
            ]
          ]
        ]
      }
    },
    {
      "type": "Feature",
      "id": "BLDG-063",
      "properties": {
        "id": "BLDG-063",
        "layer": "BUILDING_FOOTPRINT",
        "source_type": "agent_generated_design",
        "confidence": "low",
        "geometry_role": "design_proposal",
        "building_type": "mixed_use",
        "action": "new",
        "name_zh": "概念建筑基底",
        "usage_note": "概念性建筑基底，仅用于展示空间关系；不代表现状、权属或拆改结论。"
      },
      "geometry": {
        "type": "Polygon",
        "coordinates": [
          [
            [
              116.3425,
              39.945971666666665
            ],
            [
              116.3425,
              39.94661166666667
            ],
            [
              116.3434,
              39.94661166666667
            ],
            [
              116.3434,
              39.945971666666665
            ],
            [
              116.3425,
              39.945971666666665
            ]
          ]
        ]
      }
    },
    {
      "type": "Feature",
      "id": "BLDG-064",
      "properties": {
        "id": "BLDG-064",
        "layer": "BUILDING_FOOTPRINT",
        "source_type": "agent_generated_design",
        "confidence": "low",
        "geometry_role": "design_proposal",
        "building_type": "office",
        "action": "renovate",
        "name_zh": "概念建筑基底",
        "usage_note": "概念性建筑基底，仅用于展示空间关系；不代表现状、权属或拆改结论。"
      },
      "geometry": {
        "type": "Polygon",
        "coordinates": [
          [
            [
              116.34235,
              39.94585166666667
            ],
            [
              116.34235,
              39.946731666666665
            ],
            [
              116.34355000000001,
              39.946731666666665
            ],
            [
              116.34355000000001,
              39.94585166666667
            ],
            [
              116.34235,
              39.94585166666667
            ]
          ]
        ]
      }
    },
    {
      "type": "Feature",
      "id": "BLDG-065",
      "properties": {
        "id": "BLDG-065",
        "layer": "BUILDING_FOOTPRINT",
        "source_type": "agent_generated_design",
        "confidence": "low",
        "geometry_role": "design_proposal",
        "building_type": "mixed_use",
        "action": "new",
        "name_zh": "概念建筑基底",
        "usage_note": "概念性建筑基底，仅用于展示空间关系；不代表现状、权属或拆改结论。"
      },
      "geometry": {
        "type": "Polygon",
        "coordinates": [
          [
            [
              116.34899999999999,
              39.945971666666665
            ],
            [
              116.34899999999999,
              39.94661166666667
            ],
            [
              116.34989999999999,
              39.94661166666667
            ],
            [
              116.34989999999999,
              39.945971666666665
            ],
            [
              116.34899999999999,
              39.945971666666665
            ]
          ]
        ]
      }
    },
    {
      "type": "Feature",
      "id": "BLDG-066",
      "properties": {
        "id": "BLDG-066",
        "layer": "BUILDING_FOOTPRINT",
        "source_type": "agent_generated_design",
        "confidence": "low",
        "geometry_role": "design_proposal",
        "building_type": "office",
        "action": "renovate",
        "name_zh": "概念建筑基底",
        "usage_note": "概念性建筑基底，仅用于展示空间关系；不代表现状、权属或拆改结论。"
      },
      "geometry": {
        "type": "Polygon",
        "coordinates": [
          [
            [
              116.34884999999998,
              39.94585166666667
            ],
            [
              116.34884999999998,
              39.946731666666665
            ],
            [
              116.35005,
              39.946731666666665
            ],
            [
              116.35005,
              39.94585166666667
            ],
            [
              116.34884999999998,
              39.94585166666667
            ]
          ]
        ]
      }
    },
    {
      "type": "Feature",
      "id": "BLDG-067",
      "properties": {
        "id": "BLDG-067",
        "layer": "BUILDING_FOOTPRINT",
        "source_type": "agent_generated_design",
        "confidence": "low",
        "geometry_role": "design_proposal",
        "building_type": "ai_r_and_d",
        "action": "new",
        "name_zh": "概念建筑基底",
        "usage_note": "概念性建筑基底，仅用于展示空间关系；不代表现状、权属或拆改结论。"
      },
      "geometry": {
        "type": "Polygon",
        "coordinates": [
          [
            [
              116.34899999999999,
              40.00916611111111
            ],
            [
              116.34899999999999,
              40.00980611111111
            ],
            [
              116.34989999999999,
              40.00980611111111
            ],
            [
              116.34989999999999,
              40.00916611111111
            ],
            [
              116.34899999999999,
              40.00916611111111
            ]
          ]
        ]
      }
    },
    {
      "type": "Feature",
      "id": "BLDG-068",
      "properties": {
        "id": "BLDG-068",
        "layer": "BUILDING_FOOTPRINT",
        "source_type": "agent_generated_design",
        "confidence": "low",
        "geometry_role": "design_proposal",
        "building_type": "lab",
        "action": "new",
        "name_zh": "概念建筑基底",
        "usage_note": "概念性建筑基底，仅用于展示空间关系；不代表现状、权属或拆改结论。"
      },
      "geometry": {
        "type": "Polygon",
        "coordinates": [
          [
            [
              116.34884999999998,
              40.00904611111111
            ],
            [
              116.34884999999998,
              40.009926111111106
            ],
            [
              116.35005,
              40.009926111111106
            ],
            [
              116.35005,
              40.00904611111111
            ],
            [
              116.34884999999998,
              40.00904611111111
            ]
          ]
        ]
      }
    },
    {
      "type": "Feature",
      "id": "BLDG-069",
      "properties": {
        "id": "BLDG-069",
        "layer": "BUILDING_FOOTPRINT",
        "source_type": "agent_generated_design",
        "confidence": "low",
        "geometry_role": "design_proposal",
        "building_type": "ai_r_and_d",
        "action": "new",
        "name_zh": "概念建筑基底",
        "usage_note": "概念性建筑基底，仅用于展示空间关系；不代表现状、权属或拆改结论。"
      },
      "geometry": {
        "type": "Polygon",
        "coordinates": [
          [
            [
              116.3503,
              40.01402722222222
            ],
            [
              116.3503,
              40.01466722222222
            ],
            [
              116.3512,
              40.01466722222222
            ],
            [
              116.3512,
              40.01402722222222
            ],
            [
              116.3503,
              40.01402722222222
            ]
          ]
        ]
      }
    },
    {
      "type": "Feature",
      "id": "BLDG-070",
      "properties": {
        "id": "BLDG-070",
        "layer": "BUILDING_FOOTPRINT",
        "source_type": "agent_generated_design",
        "confidence": "low",
        "geometry_role": "design_proposal",
        "building_type": "lab",
        "action": "new",
        "name_zh": "概念建筑基底",
        "usage_note": "概念性建筑基底，仅用于展示空间关系；不代表现状、权属或拆改结论。"
      },
      "geometry": {
        "type": "Polygon",
        "coordinates": [
          [
            [
              116.35015,
              40.01390722222222
            ],
            [
              116.35015,
              40.01478722222222
            ],
            [
              116.35135000000001,
              40.01478722222222
            ],
            [
              116.35135000000001,
              40.01390722222222
            ],
            [
              116.35015,
              40.01390722222222
            ]
          ]
        ]
      }
    },
    {
      "type": "Feature",
      "id": "BLDG-071",
      "properties": {
        "id": "BLDG-071",
        "layer": "BUILDING_FOOTPRINT",
        "source_type": "agent_generated_design",
        "confidence": "low",
        "geometry_role": "design_proposal",
        "building_type": "ai_r_and_d",
        "action": "new",
        "name_zh": "概念建筑基底",
        "usage_note": "概念性建筑基底，仅用于展示空间关系；不代表现状、权属或拆改结论。"
      },
      "geometry": {
        "type": "Polygon",
        "coordinates": [
          [
            [
              116.34705,
              40.01888833333333
            ],
            [
              116.34705,
              40.019528333333334
            ],
            [
              116.34795,
              40.019528333333334
            ],
            [
              116.34795,
              40.01888833333333
            ],
            [
              116.34705,
              40.01888833333333
            ]
          ]
        ]
      }
    },
    {
      "type": "Feature",
      "id": "BLDG-072",
      "properties": {
        "id": "BLDG-072",
        "layer": "BUILDING_FOOTPRINT",
        "source_type": "agent_generated_design",
        "confidence": "low",
        "geometry_role": "design_proposal",
        "building_type": "lab",
        "action": "new",
        "name_zh": "概念建筑基底",
        "usage_note": "概念性建筑基底，仅用于展示空间关系；不代表现状、权属或拆改结论。"
      },
      "geometry": {
        "type": "Polygon",
        "coordinates": [
          [
            [
              116.34689999999999,
              40.018768333333334
            ],
            [
              116.34689999999999,
              40.01964833333333
            ],
            [
              116.3481,
              40.01964833333333
            ],
            [
              116.3481,
              40.018768333333334
            ],
            [
              116.34689999999999,
              40.018768333333334
            ]
          ]
        ]
      }
    },
    {
      "type": "Feature",
      "id": "BLDG-073",
      "properties": {
        "id": "BLDG-073",
        "layer": "BUILDING_FOOTPRINT",
        "source_type": "agent_generated_design",
        "confidence": "low",
        "geometry_role": "design_proposal",
        "building_type": "ai_r_and_d",
        "action": "new",
        "name_zh": "概念建筑基底",
        "usage_note": "概念性建筑基底，仅用于展示空间关系；不代表现状、权属或拆改结论。"
      },
      "geometry": {
        "type": "Polygon",
        "coordinates": [
          [
            [
              116.35159999999999,
              40.01888833333333
            ],
            [
              116.35159999999999,
              40.019528333333334
            ],
            [
              116.35249999999999,
              40.019528333333334
            ],
            [
              116.35249999999999,
              40.01888833333333
            ],
            [
              116.35159999999999,
              40.01888833333333
            ]
          ]
        ]
      }
    },
    {
      "type": "Feature",
      "id": "BLDG-074",
      "properties": {
        "id": "BLDG-074",
        "layer": "BUILDING_FOOTPRINT",
        "source_type": "agent_generated_design",
        "confidence": "low",
        "geometry_role": "design_proposal",
        "building_type": "lab",
        "action": "new",
        "name_zh": "概念建筑基底",
        "usage_note": "概念性建筑基底，仅用于展示空间关系；不代表现状、权属或拆改结论。"
      },
      "geometry": {
        "type": "Polygon",
        "coordinates": [
          [
            [
              116.35144999999999,
              40.018768333333334
            ],
            [
              116.35144999999999,
              40.01964833333333
            ],
            [
              116.35265,
              40.01964833333333
            ],
            [
              116.35265,
              40.018768333333334
            ],
            [
              116.35144999999999,
              40.018768333333334
            ]
          ]
        ]
      }
    },
    {
      "type": "Feature",
      "id": "BLDG-075",
      "properties": {
        "id": "BLDG-075",
        "layer": "BUILDING_FOOTPRINT",
        "source_type": "agent_generated_design",
        "confidence": "low",
        "geometry_role": "design_proposal",
        "building_type": "ai_r_and_d",
        "action": "new",
        "name_zh": "概念建筑基底",
        "usage_note": "概念性建筑基底，仅用于展示空间关系；不代表现状、权属或拆改结论。"
      },
      "geometry": {
        "type": "Polygon",
        "coordinates": [
          [
            [
              116.3529,
              40.02374944444444
            ],
            [
              116.3529,
              40.024389444444445
            ],
            [
              116.3538,
              40.024389444444445
            ],
            [
              116.3538,
              40.02374944444444
            ],
            [
              116.3529,
              40.02374944444444
            ]
          ]
        ]
      }
    },
    {
      "type": "Feature",
      "id": "BLDG-076",
      "properties": {
        "id": "BLDG-076",
        "layer": "BUILDING_FOOTPRINT",
        "source_type": "agent_generated_design",
        "confidence": "low",
        "geometry_role": "design_proposal",
        "building_type": "lab",
        "action": "new",
        "name_zh": "概念建筑基底",
        "usage_note": "概念性建筑基底，仅用于展示空间关系；不代表现状、权属或拆改结论。"
      },
      "geometry": {
        "type": "Polygon",
        "coordinates": [
          [
            [
              116.35275,
              40.023629444444445
            ],
            [
              116.35275,
              40.02450944444444
            ],
            [
              116.35395000000001,
              40.02450944444444
            ],
            [
              116.35395000000001,
              40.023629444444445
            ],
            [
              116.35275,
              40.023629444444445
            ]
          ]
        ]
      }
    },
    {
      "type": "Feature",
      "id": "BLDG-077",
      "properties": {
        "id": "BLDG-077",
        "layer": "BUILDING_FOOTPRINT",
        "source_type": "agent_generated_design",
        "confidence": "low",
        "geometry_role": "design_proposal",
        "building_type": "mixed_use",
        "action": "new",
        "name_zh": "概念建筑基底",
        "usage_note": "概念性建筑基底，仅用于展示空间关系；不代表现状、权属或拆改结论。"
      },
      "geometry": {
        "type": "Polygon",
        "coordinates": [
          [
            [
              116.3477,
              39.945971666666665
            ],
            [
              116.3477,
              39.94661166666667
            ],
            [
              116.3486,
              39.94661166666667
            ],
            [
              116.3486,
              39.945971666666665
            ],
            [
              116.3477,
              39.945971666666665
            ]
          ]
        ]
      }
    },
    {
      "type": "Feature",
      "id": "BLDG-078",
      "properties": {
        "id": "BLDG-078",
        "layer": "BUILDING_FOOTPRINT",
        "source_type": "agent_generated_design",
        "confidence": "low",
        "geometry_role": "design_proposal",
        "building_type": "office",
        "action": "renovate",
        "name_zh": "概念建筑基底",
        "usage_note": "概念性建筑基底，仅用于展示空间关系；不代表现状、权属或拆改结论。"
      },
      "geometry": {
        "type": "Polygon",
        "coordinates": [
          [
            [
              116.34755,
              39.94585166666667
            ],
            [
              116.34755,
              39.946731666666665
            ],
            [
              116.34875000000001,
              39.946731666666665
            ],
            [
              116.34875000000001,
              39.94585166666667
            ],
            [
              116.34755,
              39.94585166666667
            ]
          ]
        ]
      }
    },
    {
      "type": "Feature",
      "id": "BLDG-079",
      "properties": {
        "id": "BLDG-079",
        "layer": "BUILDING_FOOTPRINT",
        "source_type": "agent_generated_design",
        "confidence": "low",
        "geometry_role": "design_proposal",
        "building_type": "mixed_use",
        "action": "new",
        "name_zh": "概念建筑基底",
        "usage_note": "概念性建筑基底，仅用于展示空间关系；不代表现状、权属或拆改结论。"
      },
      "geometry": {
        "type": "Polygon",
        "coordinates": [
          [
            [
              116.35419999999999,
              39.945971666666665
            ],
            [
              116.35419999999999,
              39.94661166666667
            ],
            [
              116.3551,
              39.94661166666667
            ],
            [
              116.3551,
              39.945971666666665
            ],
            [
              116.35419999999999,
              39.945971666666665
            ]
          ]
        ]
      }
    },
    {
      "type": "Feature",
      "id": "BLDG-080",
      "properties": {
        "id": "BLDG-080",
        "layer": "BUILDING_FOOTPRINT",
        "source_type": "agent_generated_design",
        "confidence": "low",
        "geometry_role": "design_proposal",
        "building_type": "office",
        "action": "renovate",
        "name_zh": "概念建筑基底",
        "usage_note": "概念性建筑基底，仅用于展示空间关系；不代表现状、权属或拆改结论。"
      },
      "geometry": {
        "type": "Polygon",
        "coordinates": [
          [
            [
              116.35404999999999,
              39.94585166666667
            ],
            [
              116.35404999999999,
              39.946731666666665
            ],
            [
              116.35525,
              39.946731666666665
            ],
            [
              116.35525,
              39.94585166666667
            ],
            [
              116.35404999999999,
              39.94585166666667
            ]
          ]
        ]
      }
    },
    {
      "type": "Feature",
      "id": "BLDG-081",
      "properties": {
        "id": "BLDG-081",
        "layer": "BUILDING_FOOTPRINT",
        "source_type": "agent_generated_design",
        "confidence": "low",
        "geometry_role": "design_proposal",
        "building_type": "ai_r_and_d",
        "action": "new",
        "name_zh": "概念建筑基底",
        "usage_note": "概念性建筑基底，仅用于展示空间关系；不代表现状、权属或拆改结论。"
      },
      "geometry": {
        "type": "Polygon",
        "coordinates": [
          [
            [
              116.3503,
              40.00916611111111
            ],
            [
              116.3503,
              40.00980611111111
            ],
            [
              116.3512,
              40.00980611111111
            ],
            [
              116.3512,
              40.00916611111111
            ],
            [
              116.3503,
              40.00916611111111
            ]
          ]
        ]
      }
    },
    {
      "type": "Feature",
      "id": "BLDG-082",
      "properties": {
        "id": "BLDG-082",
        "layer": "BUILDING_FOOTPRINT",
        "source_type": "agent_generated_design",
        "confidence": "low",
        "geometry_role": "design_proposal",
        "building_type": "lab",
        "action": "new",
        "name_zh": "概念建筑基底",
        "usage_note": "概念性建筑基底，仅用于展示空间关系；不代表现状、权属或拆改结论。"
      },
      "geometry": {
        "type": "Polygon",
        "coordinates": [
          [
            [
              116.35015,
              40.00904611111111
            ],
            [
              116.35015,
              40.009926111111106
            ],
            [
              116.35135000000001,
              40.009926111111106
            ],
            [
              116.35135000000001,
              40.00904611111111
            ],
            [
              116.35015,
              40.00904611111111
            ]
          ]
        ]
      }
    },
    {
      "type": "Feature",
      "id": "BLDG-083",
      "properties": {
        "id": "BLDG-083",
        "layer": "BUILDING_FOOTPRINT",
        "source_type": "agent_generated_design",
        "confidence": "low",
        "geometry_role": "design_proposal",
        "building_type": "ai_r_and_d",
        "action": "new",
        "name_zh": "概念建筑基底",
        "usage_note": "概念性建筑基底，仅用于展示空间关系；不代表现状、权属或拆改结论。"
      },
      "geometry": {
        "type": "Polygon",
        "coordinates": [
          [
            [
              116.3529,
              40.00916611111111
            ],
            [
              116.3529,
              40.00980611111111
            ],
            [
              116.3538,
              40.00980611111111
            ],
            [
              116.3538,
              40.00916611111111
            ],
            [
              116.3529,
              40.00916611111111
            ]
          ]
        ]
      }
    },
    {
      "type": "Feature",
      "id": "BLDG-084",
      "properties": {
        "id": "BLDG-084",
        "layer": "BUILDING_FOOTPRINT",
        "source_type": "agent_generated_design",
        "confidence": "low",
        "geometry_role": "design_proposal",
        "building_type": "lab",
        "action": "new",
        "name_zh": "概念建筑基底",
        "usage_note": "概念性建筑基底，仅用于展示空间关系；不代表现状、权属或拆改结论。"
      },
      "geometry": {
        "type": "Polygon",
        "coordinates": [
          [
            [
              116.35275,
              40.00904611111111
            ],
            [
              116.35275,
              40.009926111111106
            ],
            [
              116.35395000000001,
              40.009926111111106
            ],
            [
              116.35395000000001,
              40.00904611111111
            ],
            [
              116.35275,
              40.00904611111111
            ]
          ]
        ]
      }
    },
    {
      "type": "Feature",
      "id": "BLDG-085",
      "properties": {
        "id": "BLDG-085",
        "layer": "BUILDING_FOOTPRINT",
        "source_type": "agent_generated_design",
        "confidence": "low",
        "geometry_role": "design_proposal",
        "building_type": "ai_r_and_d",
        "action": "new",
        "name_zh": "概念建筑基底",
        "usage_note": "概念性建筑基底，仅用于展示空间关系；不代表现状、权属或拆改结论。"
      },
      "geometry": {
        "type": "Polygon",
        "coordinates": [
          [
            [
              116.35159999999999,
              40.01402722222222
            ],
            [
              116.35159999999999,
              40.01466722222222
            ],
            [
              116.35249999999999,
              40.01466722222222
            ],
            [
              116.35249999999999,
              40.01402722222222
            ],
            [
              116.35159999999999,
              40.01402722222222
            ]
          ]
        ]
      }
    },
    {
      "type": "Feature",
      "id": "BLDG-086",
      "properties": {
        "id": "BLDG-086",
        "layer": "BUILDING_FOOTPRINT",
        "source_type": "agent_generated_design",
        "confidence": "low",
        "geometry_role": "design_proposal",
        "building_type": "lab",
        "action": "new",
        "name_zh": "概念建筑基底",
        "usage_note": "概念性建筑基底，仅用于展示空间关系；不代表现状、权属或拆改结论。"
      },
      "geometry": {
        "type": "Polygon",
        "coordinates": [
          [
            [
              116.35144999999999,
              40.01390722222222
            ],
            [
              116.35144999999999,
              40.01478722222222
            ],
            [
              116.35265,
              40.01478722222222
            ],
            [
              116.35265,
              40.01390722222222
            ],
            [
              116.35144999999999,
              40.01390722222222
            ]
          ]
        ]
      }
    },
    {
      "type": "Feature",
      "id": "BLDG-087",
      "properties": {
        "id": "BLDG-087",
        "layer": "BUILDING_FOOTPRINT",
        "source_type": "agent_generated_design",
        "confidence": "low",
        "geometry_role": "design_proposal",
        "building_type": "ai_r_and_d",
        "action": "new",
        "name_zh": "概念建筑基底",
        "usage_note": "概念性建筑基底，仅用于展示空间关系；不代表现状、权属或拆改结论。"
      },
      "geometry": {
        "type": "Polygon",
        "coordinates": [
          [
            [
              116.3529,
              40.01888833333333
            ],
            [
              116.3529,
              40.019528333333334
            ],
            [
              116.3538,
              40.019528333333334
            ],
            [
              116.3538,
              40.01888833333333
            ],
            [
              116.3529,
              40.01888833333333
            ]
          ]
        ]
      }
    },
    {
      "type": "Feature",
      "id": "BLDG-088",
      "properties": {
        "id": "BLDG-088",
        "layer": "BUILDING_FOOTPRINT",
        "source_type": "agent_generated_design",
        "confidence": "low",
        "geometry_role": "design_proposal",
        "building_type": "lab",
        "action": "new",
        "name_zh": "概念建筑基底",
        "usage_note": "概念性建筑基底，仅用于展示空间关系；不代表现状、权属或拆改结论。"
      },
      "geometry": {
        "type": "Polygon",
        "coordinates": [
          [
            [
              116.35275,
              40.018768333333334
            ],
            [
              116.35275,
              40.01964833333333
            ],
            [
              116.35395000000001,
              40.01964833333333
            ],
            [
              116.35395000000001,
              40.018768333333334
            ],
            [
              116.35275,
              40.018768333333334
            ]
          ]
        ]
      }
    },
    {
      "type": "Feature",
      "id": "BLDG-089",
      "properties": {
        "id": "BLDG-089",
        "layer": "BUILDING_FOOTPRINT",
        "source_type": "agent_generated_design",
        "confidence": "low",
        "geometry_role": "design_proposal",
        "building_type": "ai_r_and_d",
        "action": "new",
        "name_zh": "概念建筑基底",
        "usage_note": "概念性建筑基底，仅用于展示空间关系；不代表现状、权属或拆改结论。"
      },
      "geometry": {
        "type": "Polygon",
        "coordinates": [
          [
            [
              116.34379999999999,
              40.02374944444444
            ],
            [
              116.34379999999999,
              40.024389444444445
            ],
            [
              116.34469999999999,
              40.024389444444445
            ],
            [
              116.34469999999999,
              40.02374944444444
            ],
            [
              116.34379999999999,
              40.02374944444444
            ]
          ]
        ]
      }
    },
    {
      "type": "Feature",
      "id": "BLDG-090",
      "properties": {
        "id": "BLDG-090",
        "layer": "BUILDING_FOOTPRINT",
        "source_type": "agent_generated_design",
        "confidence": "low",
        "geometry_role": "design_proposal",
        "building_type": "lab",
        "action": "new",
        "name_zh": "概念建筑基底",
        "usage_note": "概念性建筑基底，仅用于展示空间关系；不代表现状、权属或拆改结论。"
      },
      "geometry": {
        "type": "Polygon",
        "coordinates": [
          [
            [
              116.34364999999998,
              40.023629444444445
            ],
            [
              116.34364999999998,
              40.02450944444444
            ],
            [
              116.34485,
              40.02450944444444
            ],
            [
              116.34485,
              40.023629444444445
            ],
            [
              116.34364999999998,
              40.023629444444445
            ]
          ]
        ]
      }
    },
    {
      "type": "Feature",
      "id": "BLDG-091",
      "properties": {
        "id": "BLDG-091",
        "layer": "BUILDING_FOOTPRINT",
        "source_type": "agent_generated_design",
        "confidence": "low",
        "geometry_role": "design_proposal",
        "building_type": "existing_retained",
        "action": "retain",
        "name_zh": "概念建筑基底",
        "usage_note": "概念性建筑基底，仅用于展示空间关系；不代表现状、权属或拆改结论。"
      },
      "geometry": {
        "type": "Polygon",
        "coordinates": [
          [
            [
              116.3425,
              39.960555
            ],
            [
              116.3425,
              39.961195000000004
            ],
            [
              116.3434,
              39.961195000000004
            ],
            [
              116.3434,
              39.960555
            ],
            [
              116.3425,
              39.960555
            ]
          ]
        ]
      }
    },
    {
      "type": "Feature",
      "id": "BLDG-092",
      "properties": {
        "id": "BLDG-092",
        "layer": "BUILDING_FOOTPRINT",
        "source_type": "agent_generated_design",
        "confidence": "low",
        "geometry_role": "design_proposal",
        "building_type": "existing_retained",
        "action": "retain",
        "name_zh": "概念建筑基底",
        "usage_note": "概念性建筑基底，仅用于展示空间关系；不代表现状、权属或拆改结论。"
      },
      "geometry": {
        "type": "Polygon",
        "coordinates": [
          [
            [
              116.34235,
              39.960435000000004
            ],
            [
              116.34235,
              39.961315
            ],
            [
              116.34355000000001,
              39.961315
            ],
            [
              116.34355000000001,
              39.960435000000004
            ],
            [
              116.34235,
              39.960435000000004
            ]
          ]
        ]
      }
    },
    {
      "type": "Feature",
      "id": "BLDG-093",
      "properties": {
        "id": "BLDG-093",
        "layer": "BUILDING_FOOTPRINT",
        "source_type": "agent_generated_design",
        "confidence": "low",
        "geometry_role": "design_proposal",
        "building_type": "existing_retained",
        "action": "retain",
        "name_zh": "概念建筑基底",
        "usage_note": "概念性建筑基底，仅用于展示空间关系；不代表现状、权属或拆改结论。"
      },
      "geometry": {
        "type": "Polygon",
        "coordinates": [
          [
            [
              116.3529,
              39.960555
            ],
            [
              116.3529,
              39.961195000000004
            ],
            [
              116.3538,
              39.961195000000004
            ],
            [
              116.3538,
              39.960555
            ],
            [
              116.3529,
              39.960555
            ]
          ]
        ]
      }
    },
    {
      "type": "Feature",
      "id": "BLDG-094",
      "properties": {
        "id": "BLDG-094",
        "layer": "BUILDING_FOOTPRINT",
        "source_type": "agent_generated_design",
        "confidence": "low",
        "geometry_role": "design_proposal",
        "building_type": "existing_retained",
        "action": "retain",
        "name_zh": "概念建筑基底",
        "usage_note": "概念性建筑基底，仅用于展示空间关系；不代表现状、权属或拆改结论。"
      },
      "geometry": {
        "type": "Polygon",
        "coordinates": [
          [
            [
              116.35275,
              39.960435000000004
            ],
            [
              116.35275,
              39.961315
            ],
            [
              116.35395000000001,
              39.961315
            ],
            [
              116.35395000000001,
              39.960435000000004
            ],
            [
              116.35275,
              39.960435000000004
            ]
          ]
        ]
      }
    },
    {
      "type": "Feature",
      "id": "BLDG-095",
      "properties": {
        "id": "BLDG-095",
        "layer": "BUILDING_FOOTPRINT",
        "source_type": "agent_generated_design",
        "confidence": "low",
        "geometry_role": "design_proposal",
        "building_type": "existing_retained",
        "action": "retain",
        "name_zh": "概念建筑基底",
        "usage_note": "概念性建筑基底，仅用于展示空间关系；不代表现状、权属或拆改结论。"
      },
      "geometry": {
        "type": "Polygon",
        "coordinates": [
          [
            [
              116.34119999999999,
              39.975138333333334
            ],
            [
              116.34119999999999,
              39.97577833333334
            ],
            [
              116.34209999999999,
              39.97577833333334
            ],
            [
              116.34209999999999,
              39.975138333333334
            ],
            [
              116.34119999999999,
              39.975138333333334
            ]
          ]
        ]
      }
    },
    {
      "type": "Feature",
      "id": "BLDG-096",
      "properties": {
        "id": "BLDG-096",
        "layer": "BUILDING_FOOTPRINT",
        "source_type": "agent_generated_design",
        "confidence": "low",
        "geometry_role": "design_proposal",
        "building_type": "existing_retained",
        "action": "retain",
        "name_zh": "概念建筑基底",
        "usage_note": "概念性建筑基底，仅用于展示空间关系；不代表现状、权属或拆改结论。"
      },
      "geometry": {
        "type": "Polygon",
        "coordinates": [
          [
            [
              116.34104999999998,
              39.97501833333334
            ],
            [
              116.34104999999998,
              39.97589833333333
            ],
            [
              116.34224999999999,
              39.97589833333333
            ],
            [
              116.34224999999999,
              39.97501833333334
            ],
            [
              116.34104999999998,
              39.97501833333334
            ]
          ]
        ]
      }
    },
    {
      "type": "Feature",
      "id": "BLDG-097",
      "properties": {
        "id": "BLDG-097",
        "layer": "BUILDING_FOOTPRINT",
        "source_type": "agent_generated_design",
        "confidence": "low",
        "geometry_role": "design_proposal",
        "building_type": "existing_retained",
        "action": "retain",
        "name_zh": "概念建筑基底",
        "usage_note": "概念性建筑基底，仅用于展示空间关系；不代表现状、权属或拆改结论。"
      },
      "geometry": {
        "type": "Polygon",
        "coordinates": [
          [
            [
              116.341,
              39.990361666666665
            ],
            [
              116.341,
              39.98972166666666
            ],
            [
              116.34064978494624,
              39.98972166666666
            ],
            [
              116.34069107526881,
              39.990361666666665
            ],
            [
              116.341,
              39.990361666666665
            ]
          ]
        ]
      }
    },
    {
      "type": "Feature",
      "id": "BLDG-098",
      "properties": {
        "id": "BLDG-098",
        "layer": "BUILDING_FOOTPRINT",
        "source_type": "agent_generated_design",
        "confidence": "low",
        "geometry_role": "design_proposal",
        "building_type": "existing_retained",
        "action": "retain",
        "name_zh": "概念建筑基底",
        "usage_note": "概念性建筑基底，仅用于展示空间关系；不代表现状、权属或拆改结论。"
      },
      "geometry": {
        "type": "Polygon",
        "coordinates": [
          [
            [
              116.341,
              39.99048166666666
            ],
            [
              116.341,
              39.989601666666665
            ],
            [
              116.34064204301075,
              39.989601666666665
            ],
            [
              116.3406988172043,
              39.99048166666666
            ],
            [
              116.341,
              39.99048166666666
            ]
          ]
        ]
      }
    },
    {
      "type": "Feature",
      "id": "BLDG-099",
      "properties": {
        "id": "BLDG-099",
        "layer": "BUILDING_FOOTPRINT",
        "source_type": "agent_generated_design",
        "confidence": "low",
        "geometry_role": "design_proposal",
        "building_type": "education",
        "action": "retain",
        "name_zh": "概念建筑基底",
        "usage_note": "概念性建筑基底，仅用于展示空间关系；不代表现状、权属或拆改结论。"
      },
      "geometry": {
        "type": "Polygon",
        "coordinates": [
          [
            [
              116.34705,
              39.98972166666666
            ],
            [
              116.34705,
              39.990361666666665
            ],
            [
              116.34795,
              39.990361666666665
            ],
            [
              116.34795,
              39.98972166666666
            ],
            [
              116.34705,
              39.98972166666666
            ]
          ]
        ]
      }
    },
    {
      "type": "Feature",
      "id": "BLDG-100",
      "properties": {
        "id": "BLDG-100",
        "layer": "BUILDING_FOOTPRINT",
        "source_type": "agent_generated_design",
        "confidence": "low",
        "geometry_role": "design_proposal",
        "building_type": "incubator",
        "action": "renovate",
        "name_zh": "概念建筑基底",
        "usage_note": "概念性建筑基底，仅用于展示空间关系；不代表现状、权属或拆改结论。"
      },
      "geometry": {
        "type": "Polygon",
        "coordinates": [
          [
            [
              116.34689999999999,
              39.989601666666665
            ],
            [
              116.34689999999999,
              39.99048166666666
            ],
            [
              116.3481,
              39.99048166666666
            ],
            [
              116.3481,
              39.989601666666665
            ],
            [
              116.34689999999999,
              39.989601666666665
            ]
          ]
        ]
      }
    },
    {
      "type": "Feature",
      "id": "BLDG-101",
      "properties": {
        "id": "BLDG-101",
        "layer": "BUILDING_FOOTPRINT",
        "source_type": "agent_generated_design",
        "confidence": "low",
        "geometry_role": "design_proposal",
        "building_type": "existing_retained",
        "action": "retain",
        "name_zh": "概念建筑基底",
        "usage_note": "概念性建筑基底，仅用于展示空间关系；不代表现状、权属或拆改结论。"
      },
      "geometry": {
        "type": "Polygon",
        "coordinates": [
          [
            [
              116.35413480974125,
              40.00523527777774
            ],
            [
              116.35409974124809,
              40.00459527777774
            ],
            [
              116.354,
              40.00459527777774
            ],
            [
              116.354,
              40.00523527777774
            ],
            [
              116.35413480974125,
              40.00523527777774
            ]
          ]
        ]
      }
    },
    {
      "type": "Feature",
      "id": "BLDG-102",
      "properties": {
        "id": "BLDG-102",
        "layer": "BUILDING_FOOTPRINT",
        "source_type": "agent_generated_design",
        "confidence": "low",
        "geometry_role": "design_proposal",
        "building_type": "existing_retained",
        "action": "retain",
        "name_zh": "概念建筑基底",
        "usage_note": "概念性建筑基底，仅用于展示空间关系；不代表现状、权属或拆改结论。"
      },
      "geometry": {
        "type": "Polygon",
        "coordinates": [
          [
            [
              116.35414138508371,
              40.00535527777774
            ],
            [
              116.35409316590564,
              40.00447527777774
            ],
            [
              116.354,
              40.00447527777774
            ],
            [
              116.354,
              40.00535527777774
            ],
            [
              116.35414138508371,
              40.00535527777774
            ]
          ]
        ]
      }
    },
    {
      "type": "Feature",
      "id": "BLDG-103",
      "properties": {
        "id": "BLDG-103",
        "layer": "BUILDING_FOOTPRINT",
        "source_type": "agent_generated_design",
        "confidence": "low",
        "geometry_role": "design_proposal",
        "building_type": "existing_retained",
        "action": "retain",
        "name_zh": "概念建筑基底",
        "usage_note": "概念性建筑基底，仅用于展示空间关系；不代表现状、权属或拆改结论。"
      },
      "geometry": {
        "type": "Polygon",
        "coordinates": [
          [
            [
              116.34254071815718,
              40.01964944444441
            ],
            [
              116.34254071815718,
              40.020289444444415
            ],
            [
              116.34344071815718,
              40.020289444444415
            ],
            [
              116.34344071815718,
              40.01964944444441
            ],
            [
              116.34254071815718,
              40.01964944444441
            ]
          ]
        ]
      }
    },
    {
      "type": "Feature",
      "id": "BLDG-104",
      "properties": {
        "id": "BLDG-104",
        "layer": "BUILDING_FOOTPRINT",
        "source_type": "agent_generated_design",
        "confidence": "low",
        "geometry_role": "design_proposal",
        "building_type": "existing_retained",
        "action": "retain",
        "name_zh": "概念建筑基底",
        "usage_note": "概念性建筑基底，仅用于展示空间关系；不代表现状、权属或拆改结论。"
      },
      "geometry": {
        "type": "Polygon",
        "coordinates": [
          [
            [
              116.34359071815719,
              40.02040944444441
            ],
            [
              116.34359071815719,
              40.019529444444416
            ],
            [
              116.34239071815718,
              40.019529444444416
            ],
            [
              116.34239071815718,
              40.02015972222226
            ],
            [
              116.34240289972898,
              40.02040944444441
            ],
            [
              116.34359071815719,
              40.02040944444441
            ]
          ]
        ]
      }
    },
    {
      "type": "Feature",
      "id": "BLDG-105",
      "properties": {
        "id": "BLDG-105",
        "layer": "BUILDING_FOOTPRINT",
        "source_type": "agent_generated_design",
        "confidence": "low",
        "geometry_role": "design_proposal",
        "building_type": "ai_r_and_d",
        "action": "new",
        "name_zh": "概念建筑基底",
        "usage_note": "概念性建筑基底，仅用于展示空间关系；不代表现状、权属或拆改结论。"
      },
      "geometry": {
        "type": "Polygon",
        "coordinates": [
          [
            [
              116.35159999999999,
              40.00916611111111
            ],
            [
              116.35159999999999,
              40.00980611111111
            ],
            [
              116.35249999999999,
              40.00980611111111
            ],
            [
              116.35249999999999,
              40.00916611111111
            ],
            [
              116.35159999999999,
              40.00916611111111
            ]
          ]
        ]
      }
    },
    {
      "type": "Feature",
      "id": "BLDG-106",
      "properties": {
        "id": "BLDG-106",
        "layer": "BUILDING_FOOTPRINT",
        "source_type": "agent_generated_design",
        "confidence": "low",
        "geometry_role": "design_proposal",
        "building_type": "lab",
        "action": "new",
        "name_zh": "概念建筑基底",
        "usage_note": "概念性建筑基底，仅用于展示空间关系；不代表现状、权属或拆改结论。"
      },
      "geometry": {
        "type": "Polygon",
        "coordinates": [
          [
            [
              116.35144999999999,
              40.00904611111111
            ],
            [
              116.35144999999999,
              40.009926111111106
            ],
            [
              116.35265,
              40.009926111111106
            ],
            [
              116.35265,
              40.00904611111111
            ],
            [
              116.35144999999999,
              40.00904611111111
            ]
          ]
        ]
      }
    },
    {
      "type": "Feature",
      "id": "BLDG-107",
      "properties": {
        "id": "BLDG-107",
        "layer": "BUILDING_FOOTPRINT",
        "source_type": "agent_generated_design",
        "confidence": "low",
        "geometry_role": "design_proposal",
        "building_type": "ai_r_and_d",
        "action": "new",
        "name_zh": "概念建筑基底",
        "usage_note": "概念性建筑基底，仅用于展示空间关系；不代表现状、权属或拆改结论。"
      },
      "geometry": {
        "type": "Polygon",
        "coordinates": [
          [
            [
              116.3529,
              40.01402722222222
            ],
            [
              116.3529,
              40.01466722222222
            ],
            [
              116.3538,
              40.01466722222222
            ],
            [
              116.3538,
              40.01402722222222
            ],
            [
              116.3529,
              40.01402722222222
            ]
          ]
        ]
      }
    },
    {
      "type": "Feature",
      "id": "BLDG-108",
      "properties": {
        "id": "BLDG-108",
        "layer": "BUILDING_FOOTPRINT",
        "source_type": "agent_generated_design",
        "confidence": "low",
        "geometry_role": "design_proposal",
        "building_type": "lab",
        "action": "new",
        "name_zh": "概念建筑基底",
        "usage_note": "概念性建筑基底，仅用于展示空间关系；不代表现状、权属或拆改结论。"
      },
      "geometry": {
        "type": "Polygon",
        "coordinates": [
          [
            [
              116.35275,
              40.01390722222222
            ],
            [
              116.35275,
              40.01478722222222
            ],
            [
              116.35395000000001,
              40.01478722222222
            ],
            [
              116.35395000000001,
              40.01390722222222
            ],
            [
              116.35275,
              40.01390722222222
            ]
          ]
        ]
      }
    },
    {
      "type": "Feature",
      "id": "BLDG-109",
      "properties": {
        "id": "BLDG-109",
        "layer": "BUILDING_FOOTPRINT",
        "source_type": "agent_generated_design",
        "confidence": "low",
        "geometry_role": "design_proposal",
        "building_type": "ai_r_and_d",
        "action": "new",
        "name_zh": "概念建筑基底",
        "usage_note": "概念性建筑基底，仅用于展示空间关系；不代表现状、权属或拆改结论。"
      },
      "geometry": {
        "type": "Polygon",
        "coordinates": [
          [
            [
              116.34264071815718,
              40.02374944444444
            ],
            [
              116.34264071815718,
              40.024389444444445
            ],
            [
              116.34354071815719,
              40.024389444444445
            ],
            [
              116.34354071815719,
              40.02374944444444
            ],
            [
              116.34264071815718,
              40.02374944444444
            ]
          ]
        ]
      }
    },
    {
      "type": "Feature",
      "id": "BLDG-110",
      "properties": {
        "id": "BLDG-110",
        "layer": "BUILDING_FOOTPRINT",
        "source_type": "agent_generated_design",
        "confidence": "low",
        "geometry_role": "design_proposal",
        "building_type": "lab",
        "action": "new",
        "name_zh": "概念建筑基底",
        "usage_note": "概念性建筑基底，仅用于展示空间关系；不代表现状、权属或拆改结论。"
      },
      "geometry": {
        "type": "Polygon",
        "coordinates": [
          [
            [
              116.3436,
              40.02450944444444
            ],
            [
              116.3436,
              40.023629444444445
            ],
            [
              116.34255997289972,
              40.023629444444445
            ],
            [
              116.34260289972899,
              40.02450944444444
            ],
            [
              116.3436,
              40.02450944444444
            ]
          ]
        ]
      }
    },
    {
      "type": "Feature",
      "id": "BLDG-111",
      "properties": {
        "id": "BLDG-111",
        "layer": "BUILDING_FOOTPRINT",
        "source_type": "agent_generated_design",
        "confidence": "low",
        "geometry_role": "design_proposal",
        "building_type": "existing_retained",
        "action": "retain",
        "name_zh": "概念建筑基底",
        "usage_note": "概念性建筑基底，仅用于展示空间关系；不代表现状、权属或拆改结论。"
      },
      "geometry": {
        "type": "Polygon",
        "coordinates": [
          [
            [
              116.34379999999999,
              39.941110555555554
            ],
            [
              116.34379999999999,
              39.94175055555556
            ],
            [
              116.34469999999999,
              39.94175055555556
            ],
            [
              116.34469999999999,
              39.941110555555554
            ],
            [
              116.34379999999999,
              39.941110555555554
            ]
          ]
        ]
      }
    },
    {
      "type": "Feature",
      "id": "BLDG-112",
      "properties": {
        "id": "BLDG-112",
        "layer": "BUILDING_FOOTPRINT",
        "source_type": "agent_generated_design",
        "confidence": "low",
        "geometry_role": "design_proposal",
        "building_type": "existing_retained",
        "action": "retain",
        "name_zh": "概念建筑基底",
        "usage_note": "概念性建筑基底，仅用于展示空间关系；不代表现状、权属或拆改结论。"
      },
      "geometry": {
        "type": "Polygon",
        "coordinates": [
          [
            [
              116.34364999999998,
              39.94099055555556
            ],
            [
              116.34364999999998,
              39.94187055555555
            ],
            [
              116.34485,
              39.94187055555555
            ],
            [
              116.34485,
              39.94099055555556
            ],
            [
              116.34364999999998,
              39.94099055555556
            ]
          ]
        ]
      }
    },
    {
      "type": "Feature",
      "id": "BLDG-113",
      "properties": {
        "id": "BLDG-113",
        "layer": "BUILDING_FOOTPRINT",
        "source_type": "agent_generated_design",
        "confidence": "low",
        "geometry_role": "design_proposal",
        "building_type": "existing_retained",
        "action": "retain",
        "name_zh": "概念建筑基底",
        "usage_note": "概念性建筑基底，仅用于展示空间关系；不代表现状、权属或拆改结论。"
      },
      "geometry": {
        "type": "Polygon",
        "coordinates": [
          [
            [
              116.34899999999999,
              39.941110555555554
            ],
            [
              116.34899999999999,
              39.94175055555556
            ],
            [
              116.34989999999999,
              39.94175055555556
            ],
            [
              116.34989999999999,
              39.941110555555554
            ],
            [
              116.34899999999999,
              39.941110555555554
            ]
          ]
        ]
      }
    },
    {
      "type": "Feature",
      "id": "BLDG-114",
      "properties": {
        "id": "BLDG-114",
        "layer": "BUILDING_FOOTPRINT",
        "source_type": "agent_generated_design",
        "confidence": "low",
        "geometry_role": "design_proposal",
        "building_type": "existing_retained",
        "action": "retain",
        "name_zh": "概念建筑基底",
        "usage_note": "概念性建筑基底，仅用于展示空间关系；不代表现状、权属或拆改结论。"
      },
      "geometry": {
        "type": "Polygon",
        "coordinates": [
          [
            [
              116.34884999999998,
              39.94099055555556
            ],
            [
              116.34884999999998,
              39.94187055555555
            ],
            [
              116.35005,
              39.94187055555555
            ],
            [
              116.35005,
              39.94099055555556
            ],
            [
              116.34884999999998,
              39.94099055555556
            ]
          ]
        ]
      }
    },
    {
      "type": "Feature",
      "id": "BLDG-115",
      "properties": {
        "id": "BLDG-115",
        "layer": "BUILDING_FOOTPRINT",
        "source_type": "agent_generated_design",
        "confidence": "low",
        "geometry_role": "design_proposal",
        "building_type": "existing_retained",
        "action": "retain",
        "name_zh": "概念建筑基底",
        "usage_note": "概念性建筑基底，仅用于展示空间关系；不代表现状、权属或拆改结论。"
      },
      "geometry": {
        "type": "Polygon",
        "coordinates": [
          [
            [
              116.35419999999999,
              39.941110555555554
            ],
            [
              116.35419999999999,
              39.94175055555556
            ],
            [
              116.3551,
              39.94175055555556
            ],
            [
              116.3551,
              39.941110555555554
            ],
            [
              116.35419999999999,
              39.941110555555554
            ]
          ]
        ]
      }
    },
    {
      "type": "Feature",
      "id": "BLDG-116",
      "properties": {
        "id": "BLDG-116",
        "layer": "BUILDING_FOOTPRINT",
        "source_type": "agent_generated_design",
        "confidence": "low",
        "geometry_role": "design_proposal",
        "building_type": "existing_retained",
        "action": "retain",
        "name_zh": "概念建筑基底",
        "usage_note": "概念性建筑基底，仅用于展示空间关系；不代表现状、权属或拆改结论。"
      },
      "geometry": {
        "type": "Polygon",
        "coordinates": [
          [
            [
              116.35404999999999,
              39.94099055555556
            ],
            [
              116.35404999999999,
              39.94187055555555
            ],
            [
              116.35525,
              39.94187055555555
            ],
            [
              116.35525,
              39.94099055555556
            ],
            [
              116.35404999999999,
              39.94099055555556
            ]
          ]
        ]
      }
    },
    {
      "type": "Feature",
      "id": "BLDG-117",
      "properties": {
        "id": "BLDG-117",
        "layer": "BUILDING_FOOTPRINT",
        "source_type": "agent_generated_design",
        "confidence": "low",
        "geometry_role": "design_proposal",
        "building_type": "existing_retained",
        "action": "retain",
        "name_zh": "概念建筑基底",
        "usage_note": "概念性建筑基底，仅用于展示空间关系；不代表现状、权属或拆改结论。"
      },
      "geometry": {
        "type": "Polygon",
        "coordinates": [
          [
            [
              116.3425,
              39.95569388888889
            ],
            [
              116.3425,
              39.95633388888889
            ],
            [
              116.3434,
              39.95633388888889
            ],
            [
              116.3434,
              39.95569388888889
            ],
            [
              116.3425,
              39.95569388888889
            ]
          ]
        ]
      }
    },
    {
      "type": "Feature",
      "id": "BLDG-118",
      "properties": {
        "id": "BLDG-118",
        "layer": "BUILDING_FOOTPRINT",
        "source_type": "agent_generated_design",
        "confidence": "low",
        "geometry_role": "design_proposal",
        "building_type": "existing_retained",
        "action": "retain",
        "name_zh": "概念建筑基底",
        "usage_note": "概念性建筑基底，仅用于展示空间关系；不代表现状、权属或拆改结论。"
      },
      "geometry": {
        "type": "Polygon",
        "coordinates": [
          [
            [
              116.34235,
              39.95557388888889
            ],
            [
              116.34235,
              39.95645388888889
            ],
            [
              116.34355000000001,
              39.95645388888889
            ],
            [
              116.34355000000001,
              39.95557388888889
            ],
            [
              116.34235,
              39.95557388888889
            ]
          ]
        ]
      }
    },
    {
      "type": "Feature",
      "id": "BLDG-119",
      "properties": {
        "id": "BLDG-119",
        "layer": "BUILDING_FOOTPRINT",
        "source_type": "agent_generated_design",
        "confidence": "low",
        "geometry_role": "design_proposal",
        "building_type": "existing_retained",
        "action": "retain",
        "name_zh": "概念建筑基底",
        "usage_note": "概念性建筑基底，仅用于展示空间关系；不代表现状、权属或拆改结论。"
      },
      "geometry": {
        "type": "Polygon",
        "coordinates": [
          [
            [
              116.3529,
              39.95569388888889
            ],
            [
              116.3529,
              39.95633388888889
            ],
            [
              116.3538,
              39.95633388888889
            ],
            [
              116.3538,
              39.95569388888889
            ],
            [
              116.3529,
              39.95569388888889
            ]
          ]
        ]
      }
    },
    {
      "type": "Feature",
      "id": "BLDG-120",
      "properties": {
        "id": "BLDG-120",
        "layer": "BUILDING_FOOTPRINT",
        "source_type": "agent_generated_design",
        "confidence": "low",
        "geometry_role": "design_proposal",
        "building_type": "existing_retained",
        "action": "retain",
        "name_zh": "概念建筑基底",
        "usage_note": "概念性建筑基底，仅用于展示空间关系；不代表现状、权属或拆改结论。"
      },
      "geometry": {
        "type": "Polygon",
        "coordinates": [
          [
            [
              116.35275,
              39.95557388888889
            ],
            [
              116.35275,
              39.95645388888889
            ],
            [
              116.35395000000001,
              39.95645388888889
            ],
            [
              116.35395000000001,
              39.95557388888889
            ],
            [
              116.35275,
              39.95557388888889
            ]
          ]
        ]
      }
    },
    {
      "type": "Feature",
      "id": "BLDG-121",
      "properties": {
        "id": "BLDG-121",
        "layer": "BUILDING_FOOTPRINT",
        "source_type": "agent_generated_design",
        "confidence": "low",
        "geometry_role": "design_proposal",
        "building_type": "existing_retained",
        "action": "retain",
        "name_zh": "概念建筑基底",
        "usage_note": "概念性建筑基底，仅用于展示空间关系；不代表现状、权属或拆改结论。"
      },
      "geometry": {
        "type": "Polygon",
        "coordinates": [
          [
            [
              116.34119999999999,
              39.97027722222222
            ],
            [
              116.34119999999999,
              39.970917222222226
            ],
            [
              116.34209999999999,
              39.970917222222226
            ],
            [
              116.34209999999999,
              39.97027722222222
            ],
            [
              116.34119999999999,
              39.97027722222222
            ]
          ]
        ]
      }
    },
    {
      "type": "Feature",
      "id": "BLDG-122",
      "properties": {
        "id": "BLDG-122",
        "layer": "BUILDING_FOOTPRINT",
        "source_type": "agent_generated_design",
        "confidence": "low",
        "geometry_role": "design_proposal",
        "building_type": "existing_retained",
        "action": "retain",
        "name_zh": "概念建筑基底",
        "usage_note": "概念性建筑基底，仅用于展示空间关系；不代表现状、权属或拆改结论。"
      },
      "geometry": {
        "type": "Polygon",
        "coordinates": [
          [
            [
              116.34104999999998,
              39.97015722222223
            ],
            [
              116.34104999999998,
              39.97103722222222
            ],
            [
              116.34224999999999,
              39.97103722222222
            ],
            [
              116.34224999999999,
              39.97015722222223
            ],
            [
              116.34104999999998,
              39.97015722222223
            ]
          ]
        ]
      }
    },
    {
      "type": "Feature",
      "id": "BLDG-123",
      "properties": {
        "id": "BLDG-123",
        "layer": "BUILDING_FOOTPRINT",
        "source_type": "agent_generated_design",
        "confidence": "low",
        "geometry_role": "design_proposal",
        "building_type": "existing_retained",
        "action": "retain",
        "name_zh": "概念建筑基底",
        "usage_note": "概念性建筑基底，仅用于展示空间关系；不代表现状、权属或拆改结论。"
      },
      "geometry": {
        "type": "Polygon",
        "coordinates": [
          [
            [
              116.341,
              39.985500555555554
            ],
            [
              116.341,
              39.98486055555555
            ],
            [
              116.34033616487454,
              39.98486055555555
            ],
            [
              116.34037745519713,
              39.985500555555554
            ],
            [
              116.341,
              39.985500555555554
            ]
          ]
        ]
      }
    },
    {
      "type": "Feature",
      "id": "BLDG-124",
      "properties": {
        "id": "BLDG-124",
        "layer": "BUILDING_FOOTPRINT",
        "source_type": "agent_generated_design",
        "confidence": "low",
        "geometry_role": "design_proposal",
        "building_type": "existing_retained",
        "action": "retain",
        "name_zh": "概念建筑基底",
        "usage_note": "概念性建筑基底，仅用于展示空间关系；不代表现状、权属或拆改结论。"
      },
      "geometry": {
        "type": "Polygon",
        "coordinates": [
          [
            [
              116.341,
              39.98562055555555
            ],
            [
              116.341,
              39.984740555555554
            ],
            [
              116.34032842293907,
              39.984740555555554
            ],
            [
              116.3403851971326,
              39.98562055555555
            ],
            [
              116.341,
              39.98562055555555
            ]
          ]
        ]
      }
    },
    {
      "type": "Feature",
      "id": "BLDG-125",
      "properties": {
        "id": "BLDG-125",
        "layer": "BUILDING_FOOTPRINT",
        "source_type": "agent_generated_design",
        "confidence": "low",
        "geometry_role": "design_proposal",
        "building_type": "existing_retained",
        "action": "retain",
        "name_zh": "概念建筑基底",
        "usage_note": "概念性建筑基底，仅用于展示空间关系；不代表现状、权属或拆改结论。"
      },
      "geometry": {
        "type": "Polygon",
        "coordinates": [
          [
            [
              116.3425,
              40.01402722222222
            ],
            [
              116.3425,
              40.01466722222222
            ],
            [
              116.3434,
              40.01466722222222
            ],
            [
              116.3434,
              40.01402722222222
            ],
            [
              116.3425,
              40.01402722222222
            ]
          ]
        ]
      }
    },
    {
      "type": "Feature",
      "id": "BLDG-126",
      "properties": {
        "id": "BLDG-126",
        "layer": "BUILDING_FOOTPRINT",
        "source_type": "agent_generated_design",
        "confidence": "low",
        "geometry_role": "design_proposal",
        "building_type": "existing_retained",
        "action": "retain",
        "name_zh": "概念建筑基底",
        "usage_note": "概念性建筑基底，仅用于展示空间关系；不代表现状、权属或拆改结论。"
      },
      "geometry": {
        "type": "Polygon",
        "coordinates": [
          [
            [
              116.34235,
              40.01390722222222
            ],
            [
              116.34235,
              40.01478722222222
            ],
            [
              116.34355000000001,
              40.01478722222222
            ],
            [
              116.34355000000001,
              40.01390722222222
            ],
            [
              116.34235,
              40.01390722222222
            ]
          ]
        ]
      }
    }
  ]
}